OrderID,OrderDate,CustomerID,StoreID,TotalAmount,PaymentMethod
1,2023-11-18,109,14,204.26,PayPal
2,2024-12-30,651,15,4187.75,Debit Card
3,2025-01-17,446,6,5006.51,Cash
4,2024-02-13,989,21,7365.89,PayPal
5,2023-11-02,631,18,9896.77,Bank Transfer
6,2025-06-16,477,14,6094.84,Cash
7,2024-12-26,275,11,3758.01,Debit Card
8,2025-04-09,851,3,11256.19,PayPal
9,2024-04-23,903,15,9886.39,Debit Card
10,2024-04-04,769,15,6246.95,Cash
11,2024-06-23,625,22,2588.73,Bank Transfer
12,2025-03-20,345,1,1685.65,Bank Transfer
13,2025-03-11,872,11,237.28,Debit Card
14,2024-11-07,500,7,4385.52,PayPal
15,2024-10-23,817,9,2088.15,PayPal
16,2023-12-09,287,20,719.9,PayPal
17,2023-04-22,570,1,4833.4,Cash
18,2025-05-04,971,7,6523.89,Credit Card
19,2024-12-25,248,24,3769.22,Bank Transfer
20,2023-12-17,501,18,4267.92,Debit Card
21,2022-11-08,708,16,2405.15,Bank Transfer
22,2024-12-02,459,1,3490.02,Credit Card
23,2023-10-04,302,8,3268.67,Bank Transfer
24,2025-02-14,709,8,11606.18,PayPal
25,2023-03-11,680,19,2347.75,PayPal
26,2022-12-18,485,18,4310.81,Cash
27,2024-12-02,353,14,8081.77,Cash
28,2023-01-21,339,12,10356.49,Bank Transfer
29,2025-07-05,278,10,591.98,PayPal
30,2025-02-22,237,4,5806.35,Debit Card
31,2025-04-11,324,4,6420.2,Cash
32,2024-12-31,974,25,7534.4,Debit Card
33,2024-09-14,197,7,10101.82,Bank Transfer
34,2023-04-27,284,24,3245.74,Cash
35,2025-06-12,779,17,494.5,Cash
36,2023-10-08,290,4,1663.37,Debit Card
37,2024-10-21,304,8,13030.35,PayPal
38,2025-06-13,184,10,5805.57,Credit Card
39,2024-08-11,726,18,4606.01,Debit Card
40,2024-05-18,281,2,1692.96,Credit Card
41,2024-01-24,567,10,5205.94,Debit Card
42,2024-06-02,654,25,4317.3,Bank Transfer
43,2025-04-17,106,1,6481.21,Cash
44,2023-12-05,292,16,8729.63,Bank Transfer
45,2024-03-16,452,11,1145.34,Debit Card
46,2023-10-17,989,2,7531.37,PayPal
47,2024-07-05,964,16,3217.78,Credit Card
48,2025-07-13,842,3,13565.39,Bank Transfer
49,2025-05-01,504,3,5636.46,Cash
50,2024-05-03,645,22,1046.52,Credit Card
51,2024-03-23,156,5,1572.97,Cash
52,2024-10-14,972,10,9149.93,Credit Card
53,2025-02-22,255,4,4619.14,Cash
54,2023-06-23,783,14,3162.83,Cash
55,2025-04-16,611,20,9702.06,Debit Card
56,2025-03-21,795,17,1002.24,Bank Transfer
57,2025-05-28,462,15,3994.08,PayPal
58,2025-04-20,881,19,2906.32,Bank Transfer
59,2023-11-11,313,19,254.34,Cash
60,2024-11-11,62,20,13073.49,Credit Card
61,2025-04-28,971,25,8452.74,Debit Card
62,2025-06-12,641,7,655.32,PayPal
63,2025-06-25,677,3,13827.02,Debit Card
64,2025-06-02,246,6,1638.06,Cash
65,2024-04-02,77,6,10585.8,Credit Card
66,2023-07-28,419,15,8971.64,Cash
67,2024-12-09,482,10,5477.3,Credit Card
68,2022-08-19,238,10,3664.22,PayPal
69,2024-09-24,720,15,8028.32,Credit Card
70,2024-06-08,704,8,7447.5,PayPal
71,2025-04-23,807,21,5905.28,Cash
72,2024-09-09,678,7,13525.95,Bank Transfer
73,2025-06-19,118,18,1568.51,Debit Card
74,2025-03-09,664,5,1973.21,PayPal
75,2025-07-06,847,5,16189.12,Credit Card
76,2024-10-13,62,6,11695.13,PayPal
77,2025-03-10,610,24,3844.92,Cash
78,2023-12-04,944,10,8534.4,Bank Transfer
79,2025-07-03,128,15,1509.32,PayPal
80,2025-03-07,717,13,10833.93,PayPal
81,2024-02-22,513,18,4042.81,Bank Transfer
82,2023-12-25,449,3,2866.66,Cash
83,2025-07-06,41,14,5649.16,PayPal
84,2024-10-10,619,9,12050.59,Credit Card
85,2025-02-18,94,8,6774.99,Cash
86,2025-04-26,602,1,1364.62,PayPal
87,2025-07-15,591,2,14766.23,Debit Card
88,2025-01-13,482,17,6986.5,Bank Transfer
89,2025-02-23,939,9,4543.1,Debit Card
90,2025-06-24,600,14,5302.36,Bank Transfer
91,2025-02-10,993,3,4985.39,Bank Transfer
92,2025-06-12,357,14,7152.72,PayPal
93,2025-04-12,329,22,4260.94,Credit Card
94,2024-07-28,879,6,240.38,PayPal
95,2023-04-24,422,23,10927.47,Bank Transfer
96,2025-07-19,296,22,2813.88,Bank Transfer
97,2025-01-10,834,25,2561.04,Cash
98,2025-01-24,38,15,5219.22,Credit Card
99,2023-12-29,323,9,3041.44,PayPal
100,2024-11-27,119,25,7702.59,Bank Transfer
101,2022-12-18,886,17,3611.6,Credit Card
102,2025-07-17,674,18,4283.9,Bank Transfer
103,2025-07-09,424,2,4093.65,Debit Card
104,2024-09-10,531,12,14646.91,Cash
105,2024-06-14,775,16,4136.82,Bank Transfer
106,2025-01-20,779,2,5810.27,Debit Card
107,2024-04-23,274,18,5467.45,Debit Card
108,2024-10-29,950,10,3102.15,Bank Transfer
109,2024-05-29,902,23,9863.65,Bank Transfer
110,2025-06-03,125,1,8508.44,Cash
111,2024-09-25,819,8,4113.83,Debit Card
112,2024-03-14,319,18,8239.29,Credit Card
113,2024-12-16,566,14,12888.41,Credit Card
114,2024-10-12,231,4,9524.9,Bank Transfer
115,2024-10-17,970,4,16653.87,Debit Card
116,2025-07-14,511,23,9097.56,PayPal
117,2023-08-14,522,23,6486.67,PayPal
118,2025-07-09,426,16,3823.61,Bank Transfer
119,2025-07-14,250,15,297.41,Cash
120,2023-10-25,149,13,5506.66,Debit Card
121,2023-12-30,944,20,3368.31,Cash
122,2023-10-03,765,5,8962.85,Credit Card
123,2024-09-20,283,25,10229.25,Bank Transfer
124,2023-03-19,349,17,7775.36,PayPal
125,2025-03-29,841,1,10523.5,PayPal
126,2023-12-21,744,10,11016.99,Cash
127,2025-06-06,594,22,8720.73,Bank Transfer
128,2025-06-28,887,5,568.38,Bank Transfer
129,2023-08-21,552,16,8039.7,PayPal
130,2023-10-13,341,18,7948.62,Cash
131,2025-06-10,387,15,7252.05,PayPal
132,2024-04-29,891,7,13311.9,Debit Card
133,2024-12-28,586,13,508.08,Debit Card
134,2024-10-20,877,25,11182.78,Bank Transfer
135,2024-04-22,45,11,13222.92,Bank Transfer
136,2025-04-01,723,13,2963.37,Bank Transfer
137,2025-03-01,680,21,277.53,Debit Card
138,2023-12-18,508,2,763.96,Debit Card
139,2025-03-11,515,19,2442.9,PayPal
140,2024-04-28,891,4,4185.36,Bank Transfer
141,2025-01-14,103,17,10568.93,Bank Transfer
142,2025-06-13,16,24,5738.7,Debit Card
143,2024-09-01,420,21,7715.6,Debit Card
144,2024-10-22,77,16,5232.98,PayPal
145,2024-05-12,347,20,4947.69,Bank Transfer
146,2025-04-16,666,3,5162.92,PayPal
147,2025-05-11,873,22,9194.4,Cash
148,2024-10-27,390,11,180.42,Bank Transfer
149,2024-10-28,894,18,9697.76,Credit Card
150,2023-02-18,633,3,3734.12,Debit Card
151,2024-05-13,647,22,3747.96,PayPal
152,2025-07-19,233,24,10012.61,Credit Card
153,2024-08-14,445,4,7933.48,Credit Card
154,2024-07-29,455,6,729.12,PayPal
155,2025-01-23,926,1,10285.41,Credit Card
156,2025-06-21,333,2,907.02,PayPal
157,2022-11-13,368,12,7029.13,Bank Transfer
158,2024-04-14,150,8,2836.75,Cash
159,2023-10-02,422,19,3786.12,Debit Card
160,2025-06-01,175,6,7861.44,Credit Card
161,2025-07-09,625,13,733.37,Cash
162,2024-03-21,700,8,5452.58,Bank Transfer
163,2024-11-23,935,19,2437.65,Debit Card
164,2022-09-12,238,15,15566.44,PayPal
165,2023-09-25,471,9,891.66,Credit Card
166,2024-05-01,921,15,9807.68,PayPal
167,2023-06-05,694,18,3327.4,Debit Card
168,2025-06-12,76,15,8281.31,PayPal
169,2025-04-20,602,10,1044.58,Bank Transfer
170,2025-04-12,707,9,3550.84,Bank Transfer
171,2025-06-25,866,10,2624.2,Debit Card
172,2025-04-17,394,16,7378.68,Credit Card
173,2024-01-09,243,13,7404.77,Cash
174,2024-09-23,368,19,6209.35,PayPal
175,2025-05-30,717,10,11768.84,Credit Card
176,2024-04-21,850,22,2738.35,Bank Transfer
177,2025-06-12,282,1,11279.32,Cash
178,2025-05-13,886,22,12769.46,Credit Card
179,2025-04-16,933,20,10554.26,Bank Transfer
180,2023-02-21,853,10,13272.33,Debit Card
181,2024-08-31,622,12,3926.76,Debit Card
182,2024-09-12,652,7,4830.77,Cash
183,2023-01-21,257,22,10640.01,Debit Card
184,2023-07-04,644,4,7680.14,Credit Card
185,2024-10-26,317,15,8547.83,Credit Card
186,2025-07-03,594,12,8940.93,Debit Card
187,2025-03-25,93,10,4644.95,PayPal
188,2025-07-17,766,14,8376.94,Debit Card
189,2024-11-25,206,5,1026.25,Cash
190,2024-08-21,898,12,9034.93,Cash
191,2025-03-24,514,9,5491.41,Debit Card
192,2025-07-09,264,16,8052.03,PayPal
193,2023-12-23,765,11,10295.14,Credit Card
194,2024-10-26,480,3,13421.63,Debit Card
195,2024-07-30,773,8,24.84,Bank Transfer
196,2025-06-21,991,18,5804.66,PayPal
197,2024-12-03,93,13,9170.51,Credit Card
198,2024-06-05,271,18,2666.97,Credit Card
199,2024-11-02,466,12,7907.03,PayPal
200,2023-10-18,599,13,10995.94,PayPal
201,2024-10-06,111,22,7887.55,Debit Card
202,2025-04-06,483,1,12042.33,Cash
203,2025-06-01,906,18,3048.04,PayPal
204,2024-12-31,938,20,5305.66,Debit Card
205,2025-04-01,664,3,4281.54,Bank Transfer
206,2025-05-12,932,23,8057.64,PayPal
207,2024-10-16,665,14,5044.2,Credit Card
208,2024-10-31,144,2,8248.42,Credit Card
209,2025-06-18,312,16,4842.53,Credit Card
210,2025-07-13,100,8,1364.49,Cash
211,2024-09-14,139,13,6813.88,Bank Transfer
212,2023-11-07,380,22,5152.58,Cash
213,2024-05-15,430,19,11780.65,Debit Card
214,2023-07-21,907,14,9122.17,Credit Card
215,2024-11-16,854,16,4169.55,Cash
216,2025-01-18,418,9,5431.6,Credit Card
217,2025-03-18,707,12,9510.55,Debit Card
218,2025-06-18,455,15,9135.45,Debit Card
219,2024-12-21,876,12,1421.6,Credit Card
220,2025-05-02,703,12,1965.58,Cash
221,2025-04-18,924,21,995.24,PayPal
222,2024-07-01,63,13,10147.81,PayPal
223,2025-05-21,195,4,6461.18,Bank Transfer
224,2024-09-20,94,22,3958.78,Debit Card
225,2025-02-03,658,21,1532.24,Cash
226,2024-06-29,995,1,1200.56,Credit Card
227,2024-06-18,806,11,4851.91,Debit Card
228,2024-10-06,129,19,6436.09,Debit Card
229,2023-12-28,71,25,6218.61,Cash
230,2025-04-22,213,19,4655.18,Debit Card
231,2025-01-23,833,8,12123.8,PayPal
232,2025-03-17,793,5,980.12,Cash
233,2024-07-10,3,9,3673.74,Debit Card
234,2024-07-05,134,18,547.37,PayPal
235,2024-01-03,818,6,9878.87,Credit Card
236,2024-09-15,677,1,7206.84,Debit Card
237,2025-07-05,16,12,6602.11,Debit Card
238,2025-04-26,603,11,8355.19,Credit Card
239,2023-07-17,179,9,2113.57,Credit Card
240,2025-07-02,130,24,7717.71,Bank Transfer
241,2024-04-17,539,4,2470.16,Credit Card
242,2025-06-28,488,15,6162.13,PayPal
243,2025-01-18,526,19,8717.64,Credit Card
244,2025-07-10,463,17,6901.85,Debit Card
245,2025-02-01,969,20,15336.88,Credit Card
246,2025-05-17,745,22,13065.87,Cash
247,2023-03-24,309,15,3592.72,Credit Card
248,2025-03-12,63,16,9742.96,Bank Transfer
249,2023-11-27,437,22,6434.6,Credit Card
250,2024-12-30,503,23,7872.99,Bank Transfer
251,2025-06-10,76,3,1841.66,PayPal
252,2024-08-06,623,5,275.49,Credit Card
253,2024-12-05,130,9,1202.08,Cash
254,2025-06-16,649,19,4622.42,Cash
255,2024-12-09,730,11,2694.73,Bank Transfer
256,2025-06-30,612,17,481.35,PayPal
257,2024-12-04,465,17,13326.52,Cash
258,2025-06-23,441,4,2316.6,Credit Card
259,2024-10-27,874,21,2428.41,Cash
260,2025-07-01,739,7,3305.13,Bank Transfer
261,2024-08-19,463,8,5779.69,Bank Transfer
262,2024-11-30,348,15,6481.26,Bank Transfer
263,2025-07-10,426,24,8916.72,Credit Card
264,2025-06-24,321,14,8863.31,PayPal
265,2023-12-25,682,9,16020.15,PayPal
266,2025-01-13,977,5,5547.23,Bank Transfer
267,2023-04-16,69,3,5367.68,Credit Card
268,2025-06-23,96,14,10026.63,Credit Card
269,2023-03-03,763,24,4595.12,PayPal
270,2024-06-02,832,5,1138.16,Cash
271,2024-10-04,62,19,5063.51,Cash
272,2025-04-29,576,11,2708.12,Credit Card
273,2022-11-23,421,12,988.91,Bank Transfer
274,2024-08-30,889,24,1125.09,Credit Card
275,2023-05-19,992,10,11476.68,Cash
276,2025-05-26,320,12,2580.22,Credit Card
277,2024-05-16,592,17,474.14,Debit Card
278,2024-05-17,159,22,5592.25,Bank Transfer
279,2023-09-07,230,4,115.52,PayPal
280,2023-07-12,866,18,5566.77,PayPal
281,2025-07-11,118,25,4799.46,PayPal
282,2025-06-20,588,8,8309.36,Bank Transfer
283,2023-02-20,866,18,8348.45,Cash
284,2025-03-24,629,22,6024.04,Cash
285,2024-12-17,27,20,3414.57,PayPal
286,2025-07-07,30,6,1026.31,PayPal
287,2025-03-01,720,25,882.82,PayPal
288,2024-02-16,944,11,8364.09,PayPal
289,2023-05-24,7,6,6312.41,Debit Card
290,2025-06-22,580,22,7881.87,Bank Transfer
291,2025-01-11,72,5,3143.85,Credit Card
292,2024-12-01,94,24,2686.87,Cash
293,2022-10-08,221,13,3129.95,Bank Transfer
294,2024-06-06,465,11,596.2,Debit Card
295,2024-05-29,379,10,2170.77,PayPal
296,2023-05-10,796,19,1743.44,Cash
297,2025-02-03,87,2,3306.54,Debit Card
298,2024-12-03,162,25,1988.04,Cash
299,2025-07-06,51,22,3135.64,Credit Card
300,2025-06-29,279,15,1965.04,Bank Transfer
301,2024-06-02,498,20,2574.33,Bank Transfer
302,2025-07-16,425,9,9903.19,Debit Card
303,2023-11-08,774,17,777.76,Credit Card
304,2024-11-15,354,14,1198.85,Credit Card
305,2023-08-21,291,22,5035.44,Cash
306,2025-03-13,499,17,9428.75,PayPal
307,2025-06-11,47,8,6593.44,Bank Transfer
308,2024-06-17,614,2,13443.43,Credit Card
309,2025-05-19,210,10,7134.58,Debit Card
310,2025-01-27,786,5,3695.94,PayPal
311,2025-05-01,297,11,10607.36,Credit Card
312,2023-10-16,8,16,8637.0,Bank Transfer
313,2025-02-08,180,5,285.0,Bank Transfer
314,2025-01-03,546,23,8041.55,Debit Card
315,2023-11-29,513,18,9303.76,PayPal
316,2025-05-06,74,13,15430.81,Credit Card
317,2024-01-16,447,1,9639.35,Bank Transfer
318,2023-12-10,944,3,3867.47,PayPal
319,2025-07-15,590,14,10030.66,Cash
320,2025-06-23,415,23,2721.67,Bank Transfer
321,2025-04-30,297,4,10924.33,Bank Transfer
322,2025-05-30,22,11,5269.01,Debit Card
323,2023-06-29,821,20,11267.92,Bank Transfer
324,2024-10-16,852,23,1375.25,PayPal
325,2025-04-06,91,14,5340.66,Credit Card
326,2025-07-17,250,14,9102.21,Cash
327,2024-07-04,411,17,4893.03,Credit Card
328,2025-04-14,406,10,6422.05,PayPal
329,2025-03-18,227,11,6547.79,Debit Card
330,2025-03-30,79,17,6761.9,Credit Card
331,2025-04-27,544,17,11241.81,Debit Card
332,2023-08-20,928,25,395.76,PayPal
333,2024-05-23,360,24,420.84,Debit Card
334,2025-01-30,242,4,15502.92,Debit Card
335,2024-09-22,263,7,10307.74,Debit Card
336,2025-07-18,617,5,3656.23,Credit Card
337,2023-10-27,182,25,7865.48,Bank Transfer
338,2024-06-24,476,25,9140.13,Cash
339,2025-01-25,779,19,8329.31,Bank Transfer
340,2025-06-20,698,19,2716.99,Cash
341,2025-06-04,331,21,5905.14,PayPal
342,2025-04-13,155,15,3651.64,Credit Card
343,2024-08-03,481,15,9831.21,PayPal
344,2023-03-25,816,9,10722.27,Cash
345,2024-06-21,58,12,13153.46,Cash
346,2025-03-19,76,10,9776.22,Bank Transfer
347,2025-03-02,463,2,5895.33,Credit Card
348,2025-05-03,378,10,9595.69,Credit Card
349,2024-08-26,661,3,2564.02,Cash
350,2024-11-30,609,17,8512.29,Bank Transfer
351,2025-02-02,474,19,5890.88,Cash
352,2023-08-26,978,24,2952.6,Credit Card
353,2023-02-20,461,19,664.43,Debit Card
354,2025-05-09,330,20,1696.8,Bank Transfer
355,2024-09-17,514,5,2253.11,Credit Card
356,2025-07-02,462,4,10107.1,PayPal
357,2025-01-13,732,3,10187.12,Cash
358,2025-03-19,662,6,6663.13,Credit Card
359,2023-06-05,254,23,15221.36,Bank Transfer
360,2025-02-04,450,17,6622.32,Cash
361,2025-05-12,625,6,7416.26,PayPal
362,2023-01-28,382,10,13031.83,Bank Transfer
363,2024-10-13,419,25,8870.01,PayPal
364,2025-04-13,696,20,13701.59,Credit Card
365,2024-08-21,809,21,12062.03,PayPal
366,2024-10-20,68,11,5886.37,Credit Card
367,2024-12-25,572,22,4554.8,Bank Transfer
368,2024-04-19,291,9,15033.26,Cash
369,2025-03-14,895,5,835.36,PayPal
370,2024-05-22,84,19,2722.95,Debit Card
371,2025-06-16,939,12,5428.42,PayPal
372,2025-04-17,991,21,11676.05,Bank Transfer
373,2024-03-29,133,20,11366.05,Credit Card
374,2025-07-17,318,18,3767.82,Bank Transfer
375,2023-02-23,659,11,2969.76,Debit Card
376,2024-07-26,687,23,1861.0,Cash
377,2025-03-11,96,21,95.49,Bank Transfer
378,2025-03-05,521,12,10981.49,Credit Card
379,2025-05-16,372,10,3650.63,Debit Card
380,2025-02-02,974,7,2441.36,PayPal
381,2025-02-26,971,25,2511.96,Bank Transfer
382,2024-07-25,197,8,1678.12,Debit Card
383,2025-04-19,159,3,5987.32,PayPal
384,2025-06-12,865,4,12754.98,Cash
385,2024-05-27,790,18,4013.53,Cash
386,2024-10-07,39,22,13904.84,PayPal
387,2024-02-04,898,25,1894.08,Cash
388,2025-01-08,135,20,9066.86,Bank Transfer
389,2024-10-12,158,6,9996.93,Debit Card
390,2025-04-24,852,23,6258.63,Cash
391,2025-05-31,829,6,11277.65,Bank Transfer
392,2025-01-08,45,14,4708.4,PayPal
393,2025-02-13,693,24,8646.57,Debit Card
394,2024-12-03,993,15,2170.97,Cash
395,2024-12-05,292,25,3264.25,Bank Transfer
396,2024-11-18,240,18,11014.65,Debit Card
397,2025-01-18,317,16,8929.18,Debit Card
398,2025-05-12,377,22,2896.45,Cash
399,2023-11-24,452,15,10012.56,PayPal
400,2025-07-18,797,13,7740.37,Cash
401,2024-08-28,541,14,33.12,Debit Card
402,2025-01-30,837,7,12458.09,Cash
403,2025-06-30,142,9,4375.72,Credit Card
404,2025-07-19,657,16,14419.19,PayPal
405,2024-12-11,568,4,10383.48,Cash
406,2025-03-10,872,4,7081.39,PayPal
407,2025-05-18,86,25,2711.56,Debit Card
408,2025-06-12,280,15,5105.2,Cash
409,2025-03-23,151,14,5041.2,Credit Card
410,2024-01-21,970,8,2031.27,Bank Transfer
411,2024-08-12,906,12,2475.56,Credit Card
412,2025-07-17,425,2,56.05,Bank Transfer
413,2025-07-05,515,12,5164.63,Debit Card
414,2025-05-25,396,3,3116.92,PayPal
415,2024-01-10,230,1,8503.31,PayPal
416,2025-06-23,954,4,10621.86,PayPal
417,2024-12-29,811,5,4762.98,Debit Card
418,2024-09-07,40,10,5248.18,Bank Transfer
419,2025-07-15,713,5,10527.25,Bank Transfer
420,2024-09-14,460,20,9476.56,Credit Card
421,2024-03-16,928,3,10700.3,Credit Card
422,2024-08-28,263,7,727.54,Debit Card
423,2025-07-12,562,24,1569.5,Cash
424,2024-12-24,541,14,4095.22,Credit Card
425,2025-04-30,795,10,1808.11,Debit Card
426,2024-09-02,309,4,9943.58,Credit Card
427,2025-01-06,245,14,9374.87,Cash
428,2025-06-26,469,3,2575.54,Credit Card
429,2025-06-01,857,16,3088.61,Cash
430,2023-02-23,549,1,12830.67,Cash
431,2024-09-09,589,8,5308.46,Debit Card
432,2023-05-26,299,14,6451.74,Credit Card
433,2025-01-28,630,12,871.96,Debit Card
434,2024-12-23,585,14,5995.0,Debit Card
435,2025-01-24,681,22,6061.75,Credit Card
436,2023-07-11,537,12,4400.5,Credit Card
437,2025-01-13,977,17,6983.07,Cash
438,2024-12-24,520,17,9130.33,Cash
439,2024-11-05,21,13,7934.39,Bank Transfer
440,2025-03-03,45,21,4845.85,Bank Transfer
441,2023-09-29,383,9,6648.96,Credit Card
442,2023-12-31,366,3,1855.32,PayPal
443,2024-08-20,247,24,4844.25,Credit Card
444,2025-07-16,791,19,2953.9,PayPal
445,2024-12-11,137,2,1442.98,PayPal
446,2024-05-09,560,11,6702.29,Debit Card
447,2024-03-16,851,25,6923.66,Bank Transfer
448,2025-07-05,713,16,3821.12,Debit Card
449,2025-01-13,831,5,5052.17,Credit Card
450,2024-12-12,734,25,7952.6,Bank Transfer
451,2024-11-22,38,10,10369.83,Debit Card
452,2024-04-20,45,7,7054.09,Credit Card
453,2025-06-22,324,10,5169.66,Cash
454,2024-09-19,408,18,3551.51,Bank Transfer
455,2025-07-09,260,2,2377.21,Debit Card
456,2025-03-28,293,12,4247.55,Credit Card
457,2025-06-09,887,21,1647.12,PayPal
458,2025-06-27,280,4,1997.83,PayPal
459,2024-10-29,448,13,7924.75,Bank Transfer
460,2025-07-07,917,13,6780.56,PayPal
461,2025-01-09,998,6,13324.96,Bank Transfer
462,2024-10-22,709,16,3328.2,PayPal
463,2025-07-10,947,17,8585.92,PayPal
464,2024-07-16,821,3,3515.67,Bank Transfer
465,2025-06-26,81,14,6166.69,Cash
466,2025-03-18,843,6,7388.41,Cash
467,2023-06-17,301,11,5130.8,Credit Card
468,2025-05-27,82,11,1073.99,PayPal
469,2025-01-12,314,15,6590.88,Cash
470,2023-05-16,735,14,2308.2,Debit Card
471,2024-10-24,707,15,8284.8,PayPal
472,2024-07-05,458,2,4868.17,PayPal
473,2025-06-20,630,14,8380.25,PayPal
474,2025-06-06,655,2,6696.07,Credit Card
475,2024-05-31,688,21,5836.92,Bank Transfer
476,2023-12-26,373,17,6473.54,Debit Card
477,2025-04-12,976,1,2039.81,Debit Card
478,2025-05-15,870,20,3757.4,Bank Transfer
479,2025-03-06,36,5,9680.41,Credit Card
480,2025-06-12,242,25,7484.0,PayPal
481,2024-10-30,371,13,13811.96,Cash
482,2025-07-05,34,20,1019.22,Debit Card
483,2025-03-14,696,15,8103.59,PayPal
484,2023-08-19,381,15,1542.78,Credit Card
485,2024-06-25,588,5,5046.61,Cash
486,2025-05-03,376,13,9945.2,PayPal
487,2025-02-21,666,9,6959.96,Debit Card
488,2023-10-07,984,4,9158.33,Credit Card
489,2024-10-20,754,6,5653.89,Bank Transfer
490,2024-02-26,531,13,406.04,Cash
491,2024-08-28,121,9,3932.15,PayPal
492,2025-05-17,721,15,12319.36,Debit Card
493,2024-07-25,627,10,7667.64,Bank Transfer
494,2024-07-23,205,4,8436.54,Debit Card
495,2024-06-26,874,3,8764.8,Bank Transfer
496,2024-05-30,177,23,7792.74,Bank Transfer
497,2023-08-18,90,22,5746.86,PayPal
498,2025-07-12,684,12,905.14,Credit Card
499,2024-12-01,564,18,10403.47,PayPal
500,2024-06-07,913,10,7796.25,Debit Card
501,2025-07-02,729,23,9844.23,Debit Card
502,2024-03-25,813,12,5845.09,Cash
503,2024-03-03,230,4,5271.4,Debit Card
504,2025-07-07,812,5,15620.31,Debit Card
505,2025-02-03,810,16,3404.62,Credit Card
506,2025-07-12,370,18,2210.22,Cash
507,2025-05-15,378,15,6823.01,Cash
508,2024-09-07,133,20,8621.3,Credit Card
509,2023-05-24,68,10,3165.99,Bank Transfer
510,2024-11-20,735,24,7885.7,Bank Transfer
511,2025-02-17,539,14,5279.8,Bank Transfer
512,2025-06-28,844,19,1843.32,Credit Card
513,2025-03-07,129,11,3445.94,Credit Card
514,2023-02-13,461,15,541.56,Cash
515,2024-10-27,353,5,7887.32,Cash
516,2024-12-02,656,19,1819.88,Debit Card
517,2023-02-12,787,5,7164.53,Bank Transfer
518,2025-04-13,515,2,10665.02,Credit Card
519,2024-04-12,531,5,709.9,PayPal
520,2025-02-23,169,6,1089.51,PayPal
521,2024-01-13,958,23,6021.98,Debit Card
522,2024-07-24,355,17,6999.18,PayPal
523,2025-02-10,867,3,3447.54,PayPal
524,2024-02-27,202,21,6725.67,Cash
525,2025-05-25,282,5,4264.96,PayPal
526,2025-04-10,630,18,5832.71,Credit Card
527,2025-05-23,515,21,5815.9,Debit Card
528,2025-05-07,607,19,899.05,Debit Card
529,2025-02-06,176,22,6019.98,Cash
530,2025-04-15,738,20,7361.52,PayPal
531,2024-12-29,863,19,7122.28,Credit Card
532,2024-10-28,846,1,5689.22,Credit Card
533,2025-06-29,47,21,1409.8,Cash
534,2025-01-29,272,21,9016.95,Debit Card
535,2025-07-10,786,19,5339.43,Bank Transfer
536,2024-03-21,633,21,2925.12,Credit Card
537,2025-07-10,510,21,8902.48,Cash
538,2025-06-17,297,21,3340.16,PayPal
539,2025-06-06,495,8,5156.11,Bank Transfer
540,2023-08-18,305,15,9702.54,Credit Card
541,2024-12-22,706,2,5762.99,Debit Card
542,2023-08-31,451,14,8456.42,Bank Transfer
543,2023-10-08,476,7,9004.09,PayPal
544,2025-03-26,622,5,8032.34,PayPal
545,2025-06-14,883,23,5825.05,PayPal
546,2025-07-11,752,12,6531.63,Bank Transfer
547,2024-12-11,134,25,3373.38,PayPal
548,2025-02-21,528,18,1318.41,Credit Card
549,2023-08-27,327,8,6339.12,Bank Transfer
550,2024-11-24,126,9,12212.57,Bank Transfer
551,2023-06-03,254,5,5937.46,Credit Card
552,2023-02-14,52,10,1279.54,Bank Transfer
553,2025-01-21,885,20,1523.14,Bank Transfer
554,2024-12-10,255,6,10216.12,PayPal
555,2025-04-30,957,19,4250.53,PayPal
556,2024-10-04,195,25,6009.69,Debit Card
557,2025-07-18,511,17,6111.63,Bank Transfer
558,2025-07-16,511,10,7668.18,Bank Transfer
559,2025-06-24,24,3,4762.73,Bank Transfer
560,2025-04-14,518,15,4149.46,Debit Card
561,2022-11-23,221,19,5360.02,PayPal
562,2023-09-15,50,2,8155.28,PayPal
563,2024-09-23,507,20,7224.85,Bank Transfer
564,2025-07-03,293,18,11010.19,Credit Card
565,2023-10-13,868,4,10285.96,Bank Transfer
566,2025-06-13,138,9,3527.56,PayPal
567,2023-10-01,783,13,3804.81,PayPal
568,2025-05-01,47,13,7013.87,Credit Card
569,2023-04-05,584,18,1151.64,Debit Card
570,2025-06-02,372,18,5533.37,PayPal
571,2024-12-04,76,13,4200.49,Cash
572,2025-03-04,462,25,9180.29,Cash
573,2023-09-11,287,20,1486.4,Cash
574,2025-04-20,122,5,4223.48,Credit Card
575,2024-09-30,404,12,5421.25,PayPal
576,2023-04-14,572,12,11984.33,Debit Card
577,2023-10-22,204,20,2649.8,Cash
578,2025-05-11,412,17,1236.6,Credit Card
579,2025-04-27,47,2,3581.46,Debit Card
580,2025-06-06,731,11,9480.18,Bank Transfer
581,2024-07-18,532,15,7958.23,Debit Card
582,2025-07-09,621,17,8975.22,Debit Card
583,2025-06-06,336,20,6351.41,PayPal
584,2023-02-19,167,13,8708.05,Cash
585,2024-05-10,758,10,1773.24,Cash
586,2025-06-13,345,17,6092.56,Cash
587,2025-06-24,546,16,3475.41,Cash
588,2024-02-29,307,16,9280.43,Credit Card
589,2025-06-21,378,11,5251.38,Credit Card
590,2024-10-16,427,19,6989.51,PayPal
591,2023-06-20,816,24,10772.59,Credit Card
592,2025-07-16,612,16,7856.14,PayPal
593,2025-06-09,991,21,6734.9,Cash
594,2024-05-30,592,8,3669.2,Credit Card
595,2025-05-30,598,16,1507.84,Debit Card
596,2024-12-06,537,21,14311.8,Cash
597,2024-08-18,794,13,1359.28,Debit Card
598,2025-07-15,842,22,702.59,Debit Card
599,2022-12-19,33,19,4302.92,Credit Card
600,2025-07-14,196,1,4028.35,Bank Transfer
601,2024-10-07,322,14,918.87,Debit Card
602,2025-03-03,423,23,5469.71,Debit Card
603,2023-12-03,421,17,6781.11,Cash
604,2024-07-03,943,16,467.82,Credit Card
605,2025-02-20,723,5,6018.77,Cash
606,2025-02-09,213,18,5173.8,PayPal
607,2024-05-03,679,16,9980.43,Cash
608,2025-05-11,386,11,10886.2,Debit Card
609,2024-09-29,471,18,5896.5,PayPal
610,2025-05-19,560,12,3587.62,PayPal
611,2024-01-19,625,16,13957.97,Debit Card
612,2022-12-24,981,8,3268.74,PayPal
613,2024-11-03,572,10,6186.96,Debit Card
614,2025-05-20,965,10,4590.41,PayPal
615,2025-06-12,722,7,9604.78,Bank Transfer
616,2025-02-01,325,16,9359.25,PayPal
617,2024-04-14,574,24,6185.49,PayPal
618,2023-11-05,295,4,11905.97,Cash
619,2025-01-15,693,18,632.52,Bank Transfer
620,2025-07-17,918,13,7855.93,PayPal
621,2024-01-20,978,25,8354.34,Debit Card
622,2025-04-05,298,2,4442.4,PayPal
623,2024-07-05,979,23,7183.35,Credit Card
624,2023-10-29,355,15,1665.22,PayPal
625,2025-07-11,766,16,695.76,Debit Card
626,2023-03-02,207,18,10649.11,PayPal
627,2024-02-15,956,18,9020.12,PayPal
628,2025-01-06,141,4,5750.66,Cash
629,2025-06-10,759,19,1503.59,Debit Card
630,2025-03-03,249,2,644.55,Cash
631,2024-08-18,232,21,6411.29,Debit Card
632,2024-08-26,54,4,679.05,Bank Transfer
633,2025-05-12,339,23,6511.86,Bank Transfer
634,2024-01-30,103,22,124.28,Debit Card
635,2025-04-20,6,18,7601.96,Debit Card
636,2024-07-01,417,21,13849.81,Bank Transfer
637,2023-02-09,489,21,2689.8,Debit Card
638,2025-03-04,775,10,6279.41,PayPal
639,2025-07-07,293,21,6011.67,Credit Card
640,2025-03-24,930,25,8182.46,Credit Card
641,2023-08-21,668,19,4643.01,Debit Card
642,2025-06-22,548,24,3400.4,Credit Card
643,2023-05-17,936,6,5407.72,Bank Transfer
644,2024-01-09,904,6,2661.0,Credit Card
645,2024-12-07,857,13,9502.72,Bank Transfer
646,2025-03-25,191,24,6071.13,PayPal
647,2024-09-19,898,2,2576.0,Credit Card
648,2025-04-09,306,19,6327.26,Cash
649,2025-01-02,110,11,10797.93,PayPal
650,2025-04-05,466,21,3216.01,Cash
651,2023-10-14,537,16,10926.09,Debit Card
652,2025-06-15,872,17,8847.68,Bank Transfer
653,2024-11-08,280,7,5412.63,Credit Card
654,2025-04-04,339,6,10153.33,Bank Transfer
655,2025-03-09,664,9,6257.26,Debit Card
656,2025-03-08,15,24,12888.1,PayPal
657,2025-03-01,810,10,9134.75,Cash
658,2023-12-09,691,25,1371.45,Debit Card
659,2024-09-19,180,20,6974.28,Bank Transfer
660,2024-10-01,847,14,5598.65,Cash
661,2025-02-05,336,3,2712.42,Bank Transfer
662,2023-03-24,686,4,10588.99,Debit Card
663,2025-03-27,144,16,5474.77,PayPal
664,2024-09-29,959,8,526.49,Credit Card
665,2024-10-12,268,13,2477.7,Debit Card
666,2024-02-10,458,25,4346.48,PayPal
667,2024-12-05,977,11,2825.45,PayPal
668,2025-06-04,597,24,9259.87,Cash
669,2024-11-06,12,9,9667.13,PayPal
670,2025-01-16,710,8,12345.15,Credit Card
671,2025-04-03,684,4,7550.13,Bank Transfer
672,2025-05-06,315,6,3780.31,Bank Transfer
673,2024-11-09,703,17,2402.55,PayPal
674,2025-07-05,707,4,2229.12,PayPal
675,2025-07-14,377,20,3571.72,Debit Card
676,2025-03-17,225,5,5520.46,Bank Transfer
677,2024-10-23,157,15,4615.38,Cash
678,2023-10-15,383,14,8042.25,Cash
679,2023-07-25,935,16,14286.31,Cash
680,2024-04-22,822,22,858.87,Debit Card
681,2024-10-01,781,8,15154.1,Cash
682,2025-07-01,895,3,1561.87,Cash
683,2023-06-18,458,17,11037.14,PayPal
684,2025-07-19,80,19,10131.35,Credit Card
685,2024-02-03,64,18,3875.98,Cash
686,2025-07-13,208,19,5775.06,Cash
687,2023-08-10,154,6,429.15,PayPal
688,2024-04-19,875,17,3684.59,Bank Transfer
689,2025-03-25,120,22,4882.8,Debit Card
690,2023-03-20,735,19,1027.98,Bank Transfer
691,2024-07-27,94,17,9893.77,Bank Transfer
692,2025-07-17,829,2,776.91,Bank Transfer
693,2024-12-27,136,17,2130.22,Bank Transfer
694,2025-03-03,468,19,12085.65,Credit Card
695,2025-07-04,573,15,8785.85,PayPal
696,2024-01-15,741,1,3005.0,Bank Transfer
697,2025-01-03,261,1,4816.26,Debit Card
698,2025-07-04,593,3,380.96,Credit Card
699,2025-07-16,434,12,3153.82,Credit Card
700,2024-08-31,555,2,12962.07,Credit Card
701,2025-06-30,957,16,5800.64,Credit Card
702,2025-06-21,294,14,2828.72,Debit Card
703,2025-06-30,788,5,3668.89,Bank Transfer
704,2024-07-28,384,13,5242.99,Bank Transfer
705,2025-03-11,891,13,4818.89,Bank Transfer
706,2022-12-07,83,22,3772.76,Cash
707,2025-05-06,137,21,7486.98,PayPal
708,2024-07-18,122,6,11305.81,Cash
709,2025-05-04,403,17,2324.17,Debit Card
710,2024-09-06,746,8,9604.86,Credit Card
711,2024-07-18,775,1,4690.07,PayPal
712,2023-12-31,475,22,641.8,Cash
713,2024-03-24,435,18,8316.29,Bank Transfer
714,2024-02-07,844,8,6546.59,Debit Card
715,2024-09-05,472,12,10651.07,Debit Card
716,2025-02-19,283,7,3602.48,Credit Card
717,2024-12-08,33,22,5178.35,Bank Transfer
718,2025-02-04,630,25,9477.31,Credit Card
719,2024-05-31,247,7,981.58,Credit Card
720,2025-07-07,104,20,1277.51,Credit Card
721,2023-08-12,458,20,6743.8,Credit Card
722,2025-02-24,251,24,6991.53,Credit Card
723,2025-05-07,412,15,7514.57,Debit Card
724,2024-10-12,553,7,5198.87,Credit Card
725,2025-05-22,144,17,936.76,PayPal
726,2024-09-21,240,24,10104.94,Cash
727,2024-03-14,327,19,1117.23,Cash
728,2023-06-05,792,22,6287.08,PayPal
729,2024-07-01,243,10,8292.43,Debit Card
730,2025-06-25,677,17,3163.09,Debit Card
731,2025-06-29,424,10,2687.97,PayPal
732,2025-07-17,63,18,5637.13,Cash
733,2025-05-01,901,24,12966.18,Debit Card
734,2025-02-15,642,22,3734.37,Bank Transfer
735,2024-10-04,570,16,8116.85,Credit Card
736,2024-08-04,996,12,5378.51,Bank Transfer
737,2023-12-15,805,17,644.8,PayPal
738,2024-08-16,714,14,9708.14,Bank Transfer
739,2025-05-11,153,10,844.71,Bank Transfer
740,2025-06-27,189,25,14271.87,Cash
741,2022-11-22,485,8,8865.71,Debit Card
742,2024-06-17,308,23,2234.29,Debit Card
743,2025-05-25,826,15,7162.65,Credit Card
744,2024-12-07,576,14,8395.11,Bank Transfer
745,2024-07-12,571,17,5504.87,Debit Card
746,2025-06-17,398,8,3462.92,PayPal
747,2024-04-06,209,11,3616.95,Credit Card
748,2024-08-18,945,15,4263.85,PayPal
749,2025-06-12,95,18,6705.98,Debit Card
750,2023-09-22,53,9,8638.87,Bank Transfer
751,2024-01-30,690,20,9633.68,Cash
752,2025-06-26,41,3,10123.02,Debit Card
753,2025-07-17,824,25,2835.82,Cash
754,2025-05-30,742,22,5099.7,Cash
755,2024-05-11,223,16,7880.97,Debit Card
756,2025-03-16,891,11,710.25,PayPal
757,2025-06-24,980,1,9613.71,Debit Card
758,2025-05-01,960,7,4749.1,Credit Card
759,2023-09-06,765,25,13975.5,Bank Transfer
760,2024-01-14,937,8,4740.0,Cash
761,2024-12-30,721,7,6205.2,Bank Transfer
762,2023-09-03,938,8,3377.1,Cash
763,2025-04-08,330,25,1129.76,PayPal
764,2024-12-07,390,15,1801.35,Cash
765,2025-04-16,665,12,7538.9,PayPal
766,2025-01-14,268,12,7636.25,Cash
767,2024-08-03,904,16,5918.04,Bank Transfer
768,2024-01-17,101,24,8416.67,Bank Transfer
769,2025-06-24,780,11,6653.49,Debit Card
770,2024-05-07,380,11,3371.51,Bank Transfer
771,2025-04-25,47,19,5427.04,Debit Card
772,2025-06-21,760,5,325.07,Credit Card
773,2023-12-27,268,18,8993.68,Cash
774,2025-07-04,594,24,9367.19,Bank Transfer
775,2025-01-08,303,5,1629.16,Debit Card
776,2024-10-23,338,8,7175.2,Bank Transfer
777,2023-09-11,584,8,3255.59,Bank Transfer
778,2025-06-28,564,21,2026.65,PayPal
779,2025-07-17,264,25,5087.92,Bank Transfer
780,2024-02-24,990,24,4988.51,Bank Transfer
781,2025-07-01,472,6,922.48,PayPal
782,2024-02-17,174,5,1692.14,Cash
783,2024-09-02,501,6,4982.54,Cash
784,2025-06-21,658,2,2025.6,Cash
785,2025-01-08,35,3,1336.88,Credit Card
786,2024-05-10,783,1,7802.45,Bank Transfer
787,2024-04-05,141,21,1628.0,Debit Card
788,2025-04-24,70,23,2057.8,Debit Card
789,2025-07-06,10,7,11174.86,Cash
790,2023-02-17,467,12,9859.04,Credit Card
791,2025-04-14,633,21,8195.78,Cash
792,2024-06-02,935,16,604.52,Bank Transfer
793,2024-01-02,17,1,6370.59,Cash
794,2023-05-10,565,14,738.16,Credit Card
795,2025-02-09,18,17,1624.55,PayPal
796,2024-04-27,549,10,3375.96,Credit Card
797,2025-01-14,515,23,3421.0,Bank Transfer
798,2025-06-21,826,6,6314.97,Credit Card
799,2025-07-05,941,4,8589.41,Cash
800,2025-04-07,153,8,10352.19,Debit Card
801,2024-01-05,635,17,11254.02,PayPal
802,2024-10-23,835,12,5839.03,PayPal
803,2025-06-08,815,13,3899.19,Credit Card
804,2023-06-30,383,13,1991.98,Bank Transfer
805,2025-01-21,579,8,9586.4,Debit Card
806,2024-06-12,308,22,9295.11,Credit Card
807,2024-08-31,670,21,1908.0,Credit Card
808,2025-05-02,96,13,922.92,Bank Transfer
809,2023-06-29,387,18,1663.02,Bank Transfer
810,2024-11-16,58,21,4305.88,Credit Card
811,2025-06-21,720,6,2832.47,Credit Card
812,2024-07-04,512,14,1848.04,PayPal
813,2025-04-14,580,4,12219.32,Cash
814,2024-12-13,942,2,7160.58,Debit Card
815,2023-10-18,217,23,2771.12,Cash
816,2024-07-22,487,9,4384.52,Credit Card
817,2025-03-11,947,3,8960.59,PayPal
818,2023-10-24,921,18,1501.08,Cash
819,2025-02-11,674,2,3024.53,Debit Card
820,2025-05-26,952,11,4318.5,Credit Card
821,2023-08-02,985,7,5553.03,Cash
822,2024-06-17,148,25,14175.55,Bank Transfer
823,2024-06-11,952,3,11143.55,PayPal
824,2024-12-09,167,19,6859.27,Debit Card
825,2025-05-26,581,13,1625.74,Cash
826,2025-04-17,340,13,12305.99,Debit Card
827,2025-05-23,810,23,6784.42,Credit Card
828,2024-03-12,513,24,3536.55,PayPal
829,2025-06-16,55,4,4283.27,Bank Transfer
830,2024-06-09,238,3,5126.57,PayPal
831,2025-04-02,620,25,3322.43,Cash
832,2024-04-28,978,20,8626.73,Bank Transfer
833,2024-03-21,993,25,9442.07,PayPal
834,2024-06-09,31,21,7284.39,PayPal
835,2024-05-27,803,15,4810.7,Bank Transfer
836,2024-06-25,234,12,16743.28,Cash
837,2024-04-26,964,13,4212.0,Bank Transfer
838,2025-07-02,191,22,4187.35,Cash
839,2024-09-27,677,13,2828.38,Credit Card
840,2025-07-11,791,20,12236.38,PayPal
841,2024-02-02,818,8,8285.8,Credit Card
842,2025-03-17,85,9,8814.95,Debit Card
843,2025-01-15,390,23,2366.99,Debit Card
844,2024-08-03,758,13,6074.52,PayPal
845,2025-07-08,370,4,10809.79,Credit Card
846,2025-02-22,6,10,3383.74,Bank Transfer
847,2025-06-09,369,25,5663.0,PayPal
848,2025-04-19,105,5,9480.35,Credit Card
849,2025-07-02,192,14,2556.31,Bank Transfer
850,2024-08-26,571,18,6864.98,Cash
851,2025-02-23,418,4,10313.97,Credit Card
852,2025-06-08,92,12,2169.58,Cash
853,2025-06-13,96,20,3733.9,Cash
854,2023-02-26,804,11,9715.62,Bank Transfer
855,2025-03-16,13,10,7884.18,Bank Transfer
856,2025-06-04,398,25,6008.95,Credit Card
857,2024-06-28,743,18,5170.58,Debit Card
858,2025-03-27,586,17,5017.09,Debit Card
859,2024-07-19,702,13,1530.06,Debit Card
860,2025-06-30,143,9,250.4,PayPal
861,2025-07-16,275,16,11209.41,Debit Card
862,2024-05-22,65,6,7143.85,Bank Transfer
863,2025-03-20,283,14,2107.19,PayPal
864,2024-11-06,496,3,3176.19,PayPal
865,2023-12-22,258,8,6195.72,Bank Transfer
866,2025-04-25,609,20,3728.72,Debit Card
867,2025-07-09,469,4,2987.94,Debit Card
868,2025-06-17,312,1,12.93,Bank Transfer
869,2023-06-12,341,20,6113.74,Bank Transfer
870,2025-05-11,824,11,7317.04,Bank Transfer
871,2024-06-10,343,14,1529.49,Cash
872,2025-05-25,140,10,697.36,PayPal
873,2025-06-20,618,23,6006.83,Debit Card
874,2023-05-29,491,11,339.9,Debit Card
875,2024-07-20,988,13,4915.93,PayPal
876,2023-12-24,299,24,9599.35,Bank Transfer
877,2025-04-10,991,19,4930.42,Debit Card
878,2025-06-08,334,13,7031.81,PayPal
879,2025-06-26,837,13,2543.62,PayPal
880,2024-04-06,117,19,8095.47,Debit Card
881,2025-06-08,607,18,9031.55,Debit Card
882,2025-06-14,699,25,14562.26,Cash
883,2025-06-27,28,24,9768.62,Bank Transfer
884,2025-04-07,966,23,2016.2,Debit Card
885,2024-03-30,449,10,15720.65,Credit Card
886,2025-05-02,839,14,3507.25,Bank Transfer
887,2024-06-10,143,21,6161.75,PayPal
888,2025-03-18,248,9,9060.99,Debit Card
889,2025-05-08,733,14,3710.44,Bank Transfer
890,2024-11-14,76,15,1771.01,Cash
891,2023-07-19,491,19,9377.52,Bank Transfer
892,2025-06-26,548,17,9674.87,Bank Transfer
893,2025-06-30,557,2,8071.68,PayPal
894,2023-08-21,719,18,4775.28,Cash
895,2024-06-24,654,3,4566.22,Credit Card
896,2025-06-30,788,8,2276.44,PayPal
897,2025-03-14,171,21,6188.23,Cash
898,2025-05-04,46,19,2587.78,Bank Transfer
899,2025-06-23,991,25,4390.61,PayPal
900,2025-06-19,989,14,14760.03,Credit Card
901,2024-07-26,11,4,4455.0,PayPal
902,2025-06-05,228,17,10076.6,Cash
903,2024-01-12,572,19,1858.93,Cash
904,2025-05-30,227,15,9020.65,PayPal
905,2025-06-05,401,15,5267.6,Cash
906,2024-06-01,708,17,4638.35,Debit Card
907,2024-08-23,354,1,7846.05,Bank Transfer
908,2025-02-19,108,10,5344.07,Bank Transfer
909,2025-01-23,943,3,5364.56,Credit Card
910,2024-09-21,852,24,15055.15,Debit Card
911,2025-05-08,357,10,11135.06,PayPal
912,2022-10-23,467,7,1707.25,Cash
913,2024-02-20,495,12,13146.27,Bank Transfer
914,2025-06-28,100,15,10029.54,Bank Transfer
915,2024-05-18,327,3,13188.6,PayPal
916,2025-06-04,46,23,6442.88,Credit Card
917,2023-12-15,24,11,4425.26,Credit Card
918,2025-01-21,694,6,889.35,Debit Card
919,2025-01-25,529,6,4463.44,Cash
920,2025-07-08,164,11,7623.93,Cash
921,2023-10-29,437,15,6121.19,Debit Card
922,2024-06-25,817,13,11418.51,Debit Card
923,2025-03-05,191,21,1310.2,Bank Transfer
924,2024-01-24,406,1,6840.31,Cash
925,2025-01-20,905,7,11329.19,Bank Transfer
926,2025-05-28,607,14,5423.73,Bank Transfer
927,2024-06-26,5,23,9473.53,Debit Card
928,2024-07-17,211,9,639.62,Credit Card
929,2023-08-31,592,4,10364.02,Cash
930,2025-07-07,192,12,11442.17,PayPal
931,2023-10-29,202,15,563.32,Credit Card
932,2025-06-17,269,22,14869.92,Bank Transfer
933,2024-08-26,541,21,4436.18,PayPal
934,2025-07-02,612,13,5369.35,Cash
935,2025-03-16,402,19,6813.05,Credit Card
936,2025-06-09,357,12,1529.54,Bank Transfer
937,2025-04-09,633,6,6774.9,PayPal
938,2025-06-10,941,20,8465.17,Cash
939,2024-10-18,87,22,4890.23,Debit Card
940,2025-04-06,321,4,3079.23,Debit Card
941,2024-05-14,313,4,3235.94,Debit Card
942,2023-03-27,383,23,4317.33,Debit Card
943,2025-03-01,524,13,9629.78,Bank Transfer
944,2025-05-17,611,5,146.97,Cash
945,2025-05-13,393,14,8238.84,Debit Card
946,2025-06-15,499,21,3568.61,Cash
947,2025-02-21,711,21,859.98,Debit Card
948,2025-05-27,569,6,8025.83,Bank Transfer
949,2025-06-01,296,5,16062.86,Debit Card
950,2025-01-21,323,15,14354.66,Cash
951,2024-08-03,55,12,2672.2,Credit Card
952,2024-01-17,497,5,5499.56,Debit Card
953,2024-03-23,835,13,3834.95,Cash
954,2025-04-24,518,21,11061.29,Bank Transfer
955,2024-06-07,419,22,737.19,Bank Transfer
956,2025-07-19,426,23,7743.82,Bank Transfer
957,2024-02-15,501,6,2258.94,Credit Card
958,2025-01-27,579,1,2952.0,Debit Card
959,2024-07-11,300,2,7993.11,PayPal
960,2024-06-29,231,18,13499.02,PayPal
961,2024-07-12,173,25,4376.74,Bank Transfer
962,2025-05-14,580,24,14542.05,Bank Transfer
963,2023-12-09,563,17,13865.98,Credit Card
964,2024-09-06,587,4,5279.11,PayPal
965,2025-05-17,794,18,970.05,PayPal
966,2025-07-15,556,25,3949.52,Credit Card
967,2025-07-02,779,24,1855.8,Bank Transfer
968,2024-05-08,560,7,9488.3,Bank Transfer
969,2025-07-04,105,24,7850.69,Debit Card
970,2023-10-22,305,2,210.2,Bank Transfer
971,2025-04-23,270,12,15219.81,Credit Card
972,2025-07-06,450,4,4961.85,Debit Card
973,2024-12-15,215,24,8311.37,Cash
974,2024-08-06,706,12,8593.08,Cash
975,2023-08-13,648,14,8416.95,Debit Card
976,2023-04-27,631,5,7283.25,Debit Card
977,2025-04-19,834,7,1457.6,Credit Card
978,2024-10-10,584,12,151.36,Cash
979,2025-01-27,288,20,2610.6,Cash
980,2025-02-21,173,11,4102.44,PayPal
981,2025-05-24,297,19,426.28,PayPal
982,2025-03-20,976,17,6498.11,Credit Card
983,2024-04-03,139,25,11075.71,Bank Transfer
984,2025-06-15,941,2,1861.08,PayPal
985,2025-05-21,888,21,6192.06,Debit Card
986,2024-09-28,719,5,8776.89,Debit Card
987,2024-01-11,150,23,2174.06,PayPal
988,2025-06-21,849,8,9725.15,Bank Transfer
989,2025-07-11,502,5,7350.61,Cash
990,2023-09-22,648,9,1492.92,Bank Transfer
991,2025-02-23,385,15,6318.45,Credit Card
992,2025-05-10,649,25,9531.09,Credit Card
993,2024-02-17,413,17,3316.94,PayPal
994,2025-06-15,712,12,11894.58,Bank Transfer
995,2024-10-09,974,16,6488.02,PayPal
996,2023-04-30,596,1,5546.32,Credit Card
997,2024-08-02,749,15,303.8,PayPal
998,2025-04-04,871,3,13212.53,Cash
999,2024-02-01,408,7,1586.76,Bank Transfer
1000,2025-05-25,845,7,617.67,Bank Transfer
1001,2024-04-10,275,11,2033.49,PayPal
1002,2025-06-29,346,18,12016.29,Cash
1003,2023-11-10,134,19,4060.33,Bank Transfer
1004,2025-05-14,808,11,713.7,Credit Card
1005,2025-07-16,48,4,7277.41,Bank Transfer
1006,2025-05-14,17,4,8738.21,Debit Card
1007,2025-05-01,452,15,1039.08,Credit Card
1008,2023-09-16,982,14,2981.12,Debit Card
1009,2024-12-21,706,5,7760.02,PayPal
1010,2025-06-14,163,9,3333.0,Credit Card
1011,2025-06-30,671,12,7979.87,PayPal
1012,2023-08-06,85,12,541.3,Debit Card
1013,2024-07-30,54,13,8324.46,PayPal
1014,2024-10-09,744,23,9219.01,Debit Card
1015,2025-05-24,440,21,1748.1,Credit Card
1016,2025-01-11,721,4,4505.4,Credit Card
1017,2025-01-15,219,16,11323.69,Credit Card
1018,2025-01-05,136,19,1016.23,Debit Card
1019,2024-08-24,532,22,2948.44,Bank Transfer
1020,2024-02-17,10,1,8659.86,PayPal
1021,2025-05-27,837,4,8521.25,Bank Transfer
1022,2025-06-10,711,5,8381.75,Bank Transfer
1023,2025-04-27,73,8,6685.61,Bank Transfer
1024,2025-07-04,92,24,7982.36,Credit Card
1025,2024-05-20,106,11,11407.06,PayPal
1026,2024-11-02,903,10,10959.67,Debit Card
1027,2023-03-04,392,25,3466.12,Debit Card
1028,2025-07-16,657,22,14804.19,Debit Card
1029,2024-10-30,71,17,6234.11,Cash
1030,2024-12-09,9,20,5777.7,Debit Card
1031,2025-06-25,451,12,4977.63,Debit Card
1032,2024-02-05,644,24,8749.02,Debit Card
1033,2024-12-03,942,14,7352.52,Cash
1034,2023-10-28,704,15,4547.91,Debit Card
1035,2023-09-02,89,4,2194.61,Debit Card
1036,2024-11-03,771,4,8767.99,Cash
1037,2023-10-07,748,13,554.02,PayPal
1038,2024-10-24,987,14,4670.53,PayPal
1039,2025-06-22,811,5,2939.13,Debit Card
1040,2024-08-14,284,21,10711.91,Credit Card
1041,2025-03-25,255,18,9039.43,Cash
1042,2025-05-31,615,24,3506.59,Cash
1043,2023-09-07,292,25,2941.33,Credit Card
1044,2025-06-21,869,22,5429.64,PayPal
1045,2022-10-17,211,17,10782.95,Cash
1046,2022-12-09,522,7,5543.37,Bank Transfer
1047,2023-04-01,303,21,7288.96,Credit Card
1048,2025-01-13,803,8,8963.11,Bank Transfer
1049,2024-02-17,396,4,5558.4,Debit Card
1050,2024-07-15,512,21,2836.73,Cash
1051,2023-12-10,73,17,1219.0,Credit Card
1052,2025-07-15,370,11,2989.6,Debit Card
1053,2024-03-07,397,19,6906.0,Bank Transfer
1054,2025-06-03,375,18,7712.17,Debit Card
1055,2024-11-19,782,16,6498.47,Credit Card
1056,2024-01-12,18,19,4526.93,Credit Card
1057,2024-09-28,15,9,8113.2,Debit Card
1058,2025-06-27,41,2,9351.04,Bank Transfer
1059,2024-08-14,519,10,10875.53,Cash
1060,2025-06-27,786,14,5173.15,Bank Transfer
1061,2023-06-22,719,13,4651.85,Credit Card
1062,2024-01-01,656,18,2743.21,Cash
1063,2025-06-27,631,5,4634.93,PayPal
1064,2025-05-26,86,10,4629.74,Credit Card
1065,2025-04-16,524,7,14074.39,Debit Card
1066,2025-02-20,550,11,3120.64,Bank Transfer
1067,2023-06-07,601,21,12145.47,Credit Card
1068,2024-09-18,318,23,6900.53,Bank Transfer
1069,2023-12-04,748,8,932.4,Credit Card
1070,2024-11-13,251,3,1408.4,Bank Transfer
1071,2025-06-14,119,15,8674.34,Cash
1072,2024-08-31,624,2,6248.18,PayPal
1073,2025-02-26,683,24,4565.64,Debit Card
1074,2025-04-30,123,1,8232.48,Debit Card
1075,2024-11-14,719,1,1573.32,Debit Card
1076,2024-09-13,509,12,9972.29,Cash
1077,2025-07-15,530,24,8765.31,PayPal
1078,2024-05-02,171,12,8191.91,Debit Card
1079,2022-08-27,768,25,10131.83,PayPal
1080,2024-10-24,751,4,8751.12,Credit Card
1081,2024-03-12,344,14,7723.44,PayPal
1082,2023-10-20,537,3,5102.33,PayPal
1083,2025-06-29,730,19,1274.96,Credit Card
1084,2024-07-12,509,15,5346.18,Cash
1085,2023-12-29,369,2,2851.99,Bank Transfer
1086,2023-07-23,880,19,9698.96,Debit Card
1087,2025-06-05,377,6,7065.96,PayPal
1088,2024-02-03,792,4,10886.22,Cash
1089,2023-03-16,691,24,7033.82,Credit Card
1090,2024-09-05,234,24,3032.37,Cash
1091,2023-12-26,3,2,10390.71,Credit Card
1092,2025-03-16,251,2,1845.85,Bank Transfer
1093,2024-12-09,373,13,8922.14,Debit Card
1094,2025-03-09,184,2,7849.89,Cash
1095,2023-09-09,823,23,12882.82,Bank Transfer
1096,2024-05-07,230,11,8125.54,Debit Card
1097,2024-12-04,427,24,1367.65,PayPal
1098,2025-06-29,278,3,7307.81,Cash
1099,2024-01-29,382,4,6117.62,Cash
1100,2023-12-24,690,2,8750.56,Debit Card
1101,2025-03-07,229,17,4629.74,Credit Card
1102,2025-04-30,977,13,5116.46,Credit Card
1103,2025-06-09,899,15,6067.49,PayPal
1104,2024-08-03,793,10,3038.87,PayPal
1105,2023-02-17,89,18,11613.22,Bank Transfer
1106,2023-10-25,9,12,13380.09,Debit Card
1107,2023-11-02,299,19,4154.62,PayPal
1108,2023-10-16,758,20,897.83,Debit Card
1109,2023-01-17,476,12,9953.44,Cash
1110,2023-08-16,996,16,4885.22,Debit Card
1111,2024-09-21,751,18,915.06,Debit Card
1112,2024-10-28,155,1,5467.17,Bank Transfer
1113,2023-11-26,25,8,5533.95,Cash
1114,2023-05-28,355,21,9974.21,Credit Card
1115,2025-05-04,974,11,3875.09,Credit Card
1116,2025-03-23,778,22,2455.88,Bank Transfer
1117,2024-10-16,870,24,6532.68,PayPal
1118,2025-04-12,107,7,6225.99,Cash
1119,2025-06-15,244,14,8464.55,Bank Transfer
1120,2023-09-22,985,2,6565.78,Debit Card
1121,2025-05-20,729,9,4148.79,Credit Card
1122,2025-01-15,45,8,3018.4,Cash
1123,2025-06-06,423,23,12934.03,PayPal
1124,2023-08-12,470,24,15233.63,Credit Card
1125,2024-05-28,595,4,18876.28,Cash
1126,2024-12-14,137,21,8395.53,Bank Transfer
1127,2024-06-10,77,19,5199.67,Cash
1128,2023-11-04,64,14,1573.08,Debit Card
1129,2025-04-16,243,10,8677.75,PayPal
1130,2025-02-16,872,11,2642.54,Bank Transfer
1131,2024-10-16,718,24,2437.8,PayPal
1132,2024-07-03,326,15,4581.62,PayPal
1133,2023-05-25,240,3,4060.64,Debit Card
1134,2025-07-13,140,25,1371.96,Cash
1135,2023-09-29,112,5,12676.01,Credit Card
1136,2024-08-03,169,15,474.52,Bank Transfer
1137,2024-12-20,322,14,8652.11,Credit Card
1138,2023-11-25,549,12,7447.87,Debit Card
1139,2024-07-26,463,10,1084.02,Bank Transfer
1140,2025-02-19,272,4,13707.82,Credit Card
1141,2024-12-17,162,22,1353.44,PayPal
1142,2025-01-22,847,23,7277.98,Cash
1143,2025-03-06,42,7,13467.15,PayPal
1144,2025-06-14,152,3,2798.44,Debit Card
1145,2025-06-20,992,12,3452.17,Bank Transfer
1146,2025-02-05,526,2,4671.48,PayPal
1147,2024-11-20,267,6,8617.25,Credit Card
1148,2024-12-31,975,13,1253.16,Bank Transfer
1149,2023-07-17,570,24,1242.29,Cash
1150,2025-03-03,256,4,2344.25,Bank Transfer
1151,2025-06-07,105,5,9895.41,Credit Card
1152,2025-07-18,13,2,9635.4,Debit Card
1153,2025-02-08,134,7,12945.5,Bank Transfer
1154,2024-03-03,382,22,1962.87,Credit Card
1155,2025-01-25,597,19,2097.61,PayPal
1156,2023-09-09,940,3,1431.0,Credit Card
1157,2024-02-04,67,7,3748.45,Bank Transfer
1158,2025-05-25,829,5,7876.63,Credit Card
1159,2025-06-30,927,11,2706.01,Credit Card
1160,2025-06-29,44,15,11273.31,Credit Card
1161,2025-02-09,173,19,9262.02,Bank Transfer
1162,2025-07-19,842,24,5363.75,Bank Transfer
1163,2024-09-20,509,1,4314.02,Bank Transfer
1164,2024-09-10,700,14,1843.98,Debit Card
1165,2025-01-24,363,7,136.44,Debit Card
1166,2025-05-16,282,9,8802.34,Bank Transfer
1167,2024-01-09,905,5,1655.11,Credit Card
1168,2025-05-08,629,20,3480.49,Cash
1169,2025-07-12,252,21,12488.41,PayPal
1170,2025-07-18,511,14,6139.92,Cash
1171,2025-03-15,491,2,10421.18,Credit Card
1172,2025-04-21,287,13,6573.54,Debit Card
1173,2025-01-18,430,7,3109.81,Cash
1174,2023-09-08,256,21,7245.08,Cash
1175,2025-06-08,814,1,9495.12,Bank Transfer
1176,2025-03-09,801,23,1893.85,PayPal
1177,2024-08-01,492,18,9265.47,Bank Transfer
1178,2025-07-10,353,19,620.29,Cash
1179,2025-03-19,330,13,7408.64,PayPal
1180,2024-10-14,185,1,15338.44,PayPal
1181,2025-06-27,612,8,6963.92,Credit Card
1182,2024-07-10,918,25,15204.88,PayPal
1183,2025-06-04,60,16,4004.43,Cash
1184,2024-10-17,367,25,3107.35,Cash
1185,2025-07-09,239,6,262.29,Credit Card
1186,2024-01-28,254,22,4442.66,Debit Card
1187,2024-12-05,273,18,9114.19,Credit Card
1188,2023-04-10,783,8,4133.82,Cash
1189,2025-06-01,867,13,9693.94,PayPal
1190,2024-08-30,958,6,1421.6,Debit Card
1191,2025-06-15,243,19,2456.99,PayPal
1192,2025-07-03,826,24,2468.96,PayPal
1193,2024-10-14,936,19,8808.98,Credit Card
1194,2025-06-23,721,23,6170.81,PayPal
1195,2024-07-02,971,19,12973.73,Cash
1196,2025-06-06,146,19,1320.63,Debit Card
1197,2025-01-22,857,16,8160.25,Cash
1198,2024-04-24,317,6,9392.25,Bank Transfer
1199,2025-02-12,39,3,9665.53,Credit Card
1200,2025-06-07,239,20,9252.52,Debit Card
1201,2023-11-07,21,17,7093.57,Bank Transfer
1202,2025-05-11,1,11,3850.44,Cash
1203,2025-07-13,207,5,9993.49,PayPal
1204,2023-09-15,735,6,5137.4,PayPal
1205,2024-11-02,61,1,2827.75,Debit Card
1206,2024-04-19,601,23,9737.52,Debit Card
1207,2024-09-28,793,4,13218.4,Cash
1208,2024-09-17,882,12,266.69,Credit Card
1209,2024-02-02,383,23,3441.1,Bank Transfer
1210,2024-02-17,601,4,1814.2,PayPal
1211,2025-07-05,310,11,1109.07,Debit Card
1212,2024-12-07,1000,6,1837.77,Bank Transfer
1213,2025-02-17,811,21,10080.13,Bank Transfer
1214,2025-07-02,665,11,2236.76,Debit Card
1215,2024-09-20,725,18,9785.19,Cash
1216,2024-09-07,806,12,7999.05,Debit Card
1217,2024-08-16,682,19,5447.73,Debit Card
1218,2024-05-23,388,10,2888.82,PayPal
1219,2025-07-04,131,6,4369.46,Credit Card
1220,2024-12-31,972,23,2138.31,Cash
1221,2025-04-30,401,25,6788.64,Cash
1222,2025-07-07,34,6,2550.55,Cash
1223,2024-10-01,326,20,3342.72,Debit Card
1224,2025-06-02,655,19,5679.75,Credit Card
1225,2024-09-18,960,16,3484.76,Debit Card
1226,2024-06-23,340,24,9230.56,Credit Card
1227,2025-03-27,244,12,3620.56,PayPal
1228,2025-05-24,172,21,3594.12,Credit Card
1229,2025-06-24,842,23,1901.96,PayPal
1230,2023-12-01,458,1,8514.37,PayPal
1231,2025-03-13,215,8,5717.47,Credit Card
1232,2024-09-01,359,9,1015.39,Credit Card
1233,2023-04-17,738,1,7823.39,Credit Card
1234,2024-03-29,396,15,9748.68,Bank Transfer
1235,2024-08-01,993,6,2984.46,Bank Transfer
1236,2024-03-16,505,13,13313.07,PayPal
1237,2025-04-24,560,13,1670.64,Credit Card
1238,2025-05-18,849,16,4249.6,Cash
1239,2024-11-16,667,25,10636.98,Debit Card
1240,2023-03-17,167,15,6888.75,Credit Card
1241,2024-07-31,819,2,2057.56,PayPal
1242,2023-07-07,21,11,2654.04,PayPal
1243,2025-07-18,975,4,293.37,Credit Card
1244,2023-09-04,351,6,5048.92,Bank Transfer
1245,2025-03-06,165,24,5421.22,Credit Card
1246,2023-09-27,561,3,2799.93,PayPal
1247,2024-11-03,609,20,2546.7,Bank Transfer
1248,2024-11-03,722,1,14416.44,Bank Transfer
1249,2025-02-21,966,21,7494.69,Debit Card
1250,2025-02-18,622,14,4409.9,Debit Card
1251,2025-01-14,55,4,6438.17,PayPal
1252,2023-11-09,211,7,1183.58,Bank Transfer
1253,2025-06-27,714,18,9464.6,Cash
1254,2025-01-16,272,22,3279.04,PayPal
1255,2023-05-25,305,8,1060.57,Credit Card
1256,2024-10-11,51,13,7192.95,Cash
1257,2023-12-30,563,16,6573.76,Debit Card
1258,2024-10-18,56,12,8148.15,Credit Card
1259,2024-12-24,438,3,12541.28,PayPal
1260,2024-01-14,844,22,13895.86,Cash
1261,2025-02-18,492,7,6258.43,Credit Card
1262,2024-11-13,27,7,498.62,Debit Card
1263,2024-02-21,654,10,1373.48,Credit Card
1264,2022-12-31,485,4,148.05,PayPal
1265,2024-03-31,804,13,7938.36,Bank Transfer
1266,2023-10-29,501,22,5870.24,PayPal
1267,2023-12-04,94,21,1088.13,Cash
1268,2024-04-17,397,6,9772.79,PayPal
1269,2024-07-29,907,13,2914.45,PayPal
1270,2025-06-24,192,15,8479.47,Credit Card
1271,2024-02-09,270,15,764.49,Bank Transfer
1272,2025-04-06,270,8,10831.35,PayPal
1273,2024-03-04,578,2,3349.68,Debit Card
1274,2024-09-06,771,23,11754.47,Credit Card
1275,2025-03-11,88,22,11560.28,PayPal
1276,2025-06-18,828,18,1865.24,Bank Transfer
1277,2025-06-11,995,25,8921.43,Cash
1278,2025-07-18,233,18,4627.18,Credit Card
1279,2024-11-30,861,13,739.94,Cash
1280,2024-12-28,429,18,5337.74,Bank Transfer
1281,2024-02-20,587,8,8577.96,Bank Transfer
1282,2024-03-29,307,3,5691.55,Bank Transfer
1283,2023-03-23,925,23,12993.42,Credit Card
1284,2024-12-09,515,19,2505.27,Cash
1285,2025-07-03,820,19,5069.55,Cash
1286,2024-07-06,151,4,8124.18,Bank Transfer
1287,2025-02-24,178,6,7717.56,Debit Card
1288,2025-07-02,828,7,4517.37,Debit Card
1289,2025-06-24,44,14,759.83,Credit Card
1290,2024-04-15,700,14,17285.35,Debit Card
1291,2025-05-12,843,21,6750.78,Debit Card
1292,2023-09-03,855,20,6522.8,PayPal
1293,2025-01-27,328,24,2737.23,Credit Card
1294,2024-05-28,90,13,4983.38,Cash
1295,2025-01-14,407,18,2513.11,PayPal
1296,2025-03-28,878,9,506.96,Cash
1297,2024-04-01,470,1,4816.01,Cash
1298,2024-07-14,602,17,3025.1,Bank Transfer
1299,2022-09-07,116,14,1373.18,Debit Card
1300,2025-07-03,152,19,9459.65,Cash
1301,2025-06-23,597,25,12029.71,Credit Card
1302,2025-03-16,948,4,1429.53,Cash
1303,2024-08-03,799,4,3939.56,PayPal
1304,2024-07-19,889,18,9095.87,PayPal
1305,2025-01-31,899,14,3924.07,PayPal
1306,2024-12-28,393,21,2649.67,Bank Transfer
1307,2025-01-06,586,20,7271.96,Bank Transfer
1308,2024-05-02,39,6,12831.48,PayPal
1309,2024-07-06,413,5,7312.9,Cash
1310,2024-03-31,624,22,4269.62,Bank Transfer
1311,2024-11-17,40,13,7371.32,PayPal
1312,2022-09-24,708,8,10600.28,Credit Card
1313,2025-01-06,764,16,97.71,PayPal
1314,2024-11-18,919,12,7342.32,Credit Card
1315,2025-05-25,346,10,7482.45,PayPal
1316,2024-12-05,288,16,2190.08,Credit Card
1317,2023-07-27,996,8,7908.58,Debit Card
1318,2023-11-16,308,24,4167.63,Bank Transfer
1319,2025-03-25,793,11,580.52,PayPal
1320,2024-03-16,747,14,5115.46,Cash
1321,2024-08-24,662,3,9698.54,Debit Card
1322,2024-12-19,453,7,8228.74,Bank Transfer
1323,2025-07-11,759,16,3583.45,Cash
1324,2024-10-22,889,12,8628.2,Credit Card
1325,2025-02-03,528,6,7035.96,Credit Card
1326,2025-07-11,319,23,3804.67,Cash
1327,2024-05-10,414,5,1164.03,Cash
1328,2024-12-21,901,19,4520.2,Credit Card
1329,2025-01-14,178,7,435.98,Debit Card
1330,2023-08-24,858,2,5317.03,Debit Card
1331,2025-07-02,34,15,10884.95,Credit Card
1332,2025-06-14,941,12,465.42,Debit Card
1333,2023-12-16,281,12,853.14,Bank Transfer
1334,2024-06-16,518,13,538.08,Credit Card
1335,2024-09-21,698,1,3139.82,Debit Card
1336,2024-01-08,382,16,13014.01,Cash
1337,2025-02-12,457,6,2759.5,Bank Transfer
1338,2024-02-06,601,18,1752.27,PayPal
1339,2024-05-22,353,6,6568.27,PayPal
1340,2025-02-11,767,23,790.92,Credit Card
1341,2024-05-05,292,1,1897.13,Bank Transfer
1342,2025-07-13,51,6,16004.87,Cash
1343,2025-05-14,799,7,14342.46,Debit Card
1344,2025-04-04,663,8,3757.46,Debit Card
1345,2025-07-08,276,21,728.61,Bank Transfer
1346,2025-05-10,526,1,1109.72,Credit Card
1347,2025-05-27,486,5,9242.09,Debit Card
1348,2025-04-15,616,1,16820.45,Debit Card
1349,2025-01-17,259,20,2229.8,PayPal
1350,2025-02-08,730,23,8099.55,PayPal
1351,2025-07-17,434,13,5671.5,PayPal
1352,2023-09-19,471,9,5970.4,Debit Card
1353,2025-04-17,478,10,20452.34,Cash
1354,2025-06-27,845,20,974.64,Bank Transfer
1355,2023-10-27,599,4,9922.98,Credit Card
1356,2025-05-30,524,22,6291.15,PayPal
1357,2025-06-15,575,21,8357.3,Cash
1358,2024-03-26,624,10,3983.36,PayPal
1359,2024-10-25,701,4,11678.81,Bank Transfer
1360,2025-07-01,66,11,6976.85,PayPal
1361,2025-06-13,656,11,14543.14,PayPal
1362,2024-04-13,268,21,12697.36,PayPal
1363,2025-01-29,193,5,738.76,Cash
1364,2024-02-05,784,8,3805.89,Credit Card
1365,2025-01-31,825,20,4579.44,Bank Transfer
1366,2024-10-01,677,11,2588.6,Debit Card
1367,2025-07-07,739,1,18420.01,Bank Transfer
1368,2023-11-11,303,9,8064.0,Bank Transfer
1369,2025-02-11,415,13,3313.15,Credit Card
1370,2025-05-03,598,23,7506.71,Cash
1371,2024-09-20,836,7,9208.76,PayPal
1372,2023-07-27,744,23,551.52,Debit Card
1373,2024-11-01,703,18,16013.57,Bank Transfer
1374,2025-04-03,929,22,7828.26,PayPal
1375,2025-04-24,520,10,11969.77,Debit Card
1376,2025-02-04,861,22,2974.04,Cash
1377,2024-12-21,186,10,14451.43,Credit Card
1378,2025-06-17,483,5,3563.58,PayPal
1379,2025-06-16,743,18,3075.35,Debit Card
1380,2024-06-03,970,22,1034.55,PayPal
1381,2025-04-10,671,3,3702.5,Debit Card
1382,2023-08-30,364,8,5119.23,PayPal
1383,2025-07-06,431,11,2416.96,PayPal
1384,2024-09-19,267,19,5431.52,PayPal
1385,2025-02-19,475,4,9944.71,Bank Transfer
1386,2024-11-06,55,21,1283.69,Cash
1387,2024-01-19,595,20,12339.21,Credit Card
1388,2024-09-23,484,7,1566.48,Cash
1389,2024-06-19,123,22,9622.23,Bank Transfer
1390,2023-04-03,543,10,7956.82,Bank Transfer
1391,2024-12-15,56,5,4916.43,Debit Card
1392,2024-11-07,206,11,10096.75,Bank Transfer
1393,2024-10-06,584,15,3135.93,Debit Card
1394,2025-04-01,324,23,10638.46,Debit Card
1395,2024-12-14,798,3,2449.74,Bank Transfer
1396,2025-02-01,341,21,4954.3,Debit Card
1397,2025-01-11,321,21,6419.99,Credit Card
1398,2025-04-11,5,15,5990.75,PayPal
1399,2025-02-13,215,25,1496.3,Debit Card
1400,2024-03-02,591,25,7759.33,Debit Card
1401,2025-06-28,502,25,2630.2,Credit Card
1402,2025-01-14,133,20,6435.42,Bank Transfer
1403,2025-03-26,649,14,1173.08,Bank Transfer
1404,2025-02-09,440,16,4605.64,Bank Transfer
1405,2025-02-27,5,2,1271.46,Cash
1406,2024-08-12,205,24,15174.85,PayPal
1407,2025-05-17,973,1,6979.2,PayPal
1408,2025-04-12,776,17,4269.4,Debit Card
1409,2025-01-18,19,22,5447.88,Credit Card
1410,2025-02-20,642,24,13668.83,Debit Card
1411,2023-12-28,232,23,2413.45,PayPal
1412,2025-07-15,320,5,12089.96,Credit Card
1413,2024-07-06,393,17,8608.05,Cash
1414,2025-04-18,314,6,4489.98,Credit Card
1415,2024-03-20,844,2,8475.73,PayPal
1416,2024-02-25,972,10,3680.72,Bank Transfer
1417,2025-02-14,746,17,2608.24,Cash
1418,2023-07-19,537,11,422.54,Bank Transfer
1419,2023-03-22,910,22,1334.21,Debit Card
1420,2023-06-19,351,16,4888.35,PayPal
1421,2025-05-23,769,7,6484.72,Debit Card
1422,2024-07-21,971,13,8879.3,Credit Card
1423,2025-04-06,234,8,3102.06,Debit Card
1424,2025-07-06,217,24,9950.89,Credit Card
1425,2025-01-14,604,17,4969.97,Debit Card
1426,2024-12-19,127,12,3830.49,Credit Card
1427,2025-01-22,385,21,10406.49,PayPal
1428,2025-05-25,790,18,8394.04,Cash
1429,2023-11-14,50,20,12202.17,Credit Card
1430,2025-06-05,678,4,3136.23,Credit Card
1431,2025-01-19,50,23,1460.1,Credit Card
1432,2024-08-29,427,15,7904.05,Bank Transfer
1433,2023-07-08,127,18,3484.41,PayPal
1434,2025-05-16,486,23,5129.27,Debit Card
1435,2022-12-14,211,23,6073.27,Credit Card
1436,2025-02-24,309,14,9283.89,Credit Card
1437,2024-04-23,679,17,5025.52,PayPal
1438,2024-11-04,638,20,1856.28,Debit Card
1439,2025-03-02,429,4,1565.9,Cash
1440,2025-06-25,737,20,3929.65,Credit Card
1441,2025-05-25,290,4,1021.69,Credit Card
1442,2025-06-26,510,7,993.0,Cash
1443,2024-11-19,205,25,5904.74,PayPal
1444,2024-09-23,852,17,3126.45,Debit Card
1445,2025-07-08,367,23,7017.05,Bank Transfer
1446,2024-04-19,303,6,13297.95,Credit Card
1447,2025-01-23,562,16,2477.77,Debit Card
1448,2025-06-13,705,16,2787.75,PayPal
1449,2025-02-14,241,1,5790.46,Credit Card
1450,2024-01-10,688,3,6660.47,Credit Card
1451,2024-04-03,856,19,9491.58,Bank Transfer
1452,2024-11-28,153,3,6976.75,Cash
1453,2025-02-25,77,24,7636.37,Credit Card
1454,2025-07-06,927,9,8822.24,Debit Card
1455,2025-02-27,468,10,4406.74,PayPal
1456,2024-05-21,476,2,2852.05,Credit Card
1457,2025-02-24,833,6,1208.33,Credit Card
1458,2024-12-26,873,10,11467.62,PayPal
1459,2023-11-14,821,22,11476.1,PayPal
1460,2025-01-16,437,24,4713.69,Credit Card
1461,2025-07-16,98,25,10348.37,Credit Card
1462,2024-07-04,10,5,1226.0,Debit Card
1463,2024-08-26,337,12,5055.91,Bank Transfer
1464,2024-08-25,979,20,6129.35,PayPal
1465,2024-05-31,900,24,12500.18,Credit Card
1466,2023-03-08,382,11,10270.0,Debit Card
1467,2025-01-27,117,13,1842.54,Bank Transfer
1468,2025-05-29,986,15,3323.64,PayPal
1469,2024-12-20,856,13,6939.24,Bank Transfer
1470,2025-01-04,820,14,608.41,Debit Card
1471,2025-01-24,116,5,18766.04,Credit Card
1472,2025-04-12,966,6,2467.85,Credit Card
1473,2024-09-28,427,19,5399.78,Bank Transfer
1474,2024-01-24,822,19,3637.01,Bank Transfer
1475,2025-04-27,186,20,2515.34,Bank Transfer
1476,2024-08-16,798,12,3621.3,Cash
1477,2025-05-24,30,22,2253.31,Debit Card
1478,2023-12-20,495,16,1707.68,Credit Card
1479,2024-04-30,909,14,2475.66,Bank Transfer
1480,2024-12-24,48,3,11219.84,PayPal
1481,2024-08-16,671,11,2791.31,Credit Card
1482,2024-04-24,722,22,5549.91,Cash
1483,2025-05-24,786,24,3189.82,Cash
1484,2024-05-29,742,19,13219.2,Debit Card
1485,2023-10-20,979,22,7364.48,PayPal
1486,2024-04-05,532,17,573.85,Cash
1487,2025-07-08,98,14,3253.2,Debit Card
1488,2024-04-09,494,12,5417.37,Bank Transfer
1489,2024-12-15,153,18,769.93,Cash
1490,2025-06-12,56,1,2296.39,Debit Card
1491,2025-06-15,518,16,7883.28,Bank Transfer
1492,2024-02-11,891,6,3424.38,Credit Card
1493,2025-04-26,770,16,10235.89,PayPal
1494,2024-04-07,247,11,11864.09,PayPal
1495,2025-03-07,52,17,10842.19,Debit Card
1496,2025-07-03,564,21,3087.24,Bank Transfer
1497,2024-03-12,413,8,5459.0,Credit Card
1498,2024-08-05,471,15,3536.42,Cash
1499,2025-05-14,459,3,2850.0,Bank Transfer
1500,2025-05-22,458,11,11073.92,Credit Card
1501,2025-07-03,510,24,3699.21,Credit Card
1502,2024-05-10,106,13,5487.41,Bank Transfer
1503,2022-11-04,37,18,2892.66,Cash
1504,2025-06-14,1,3,2526.86,Cash
1505,2024-01-26,987,20,6848.79,PayPal
1506,2025-04-14,912,17,4112.4,Cash
1507,2025-06-04,212,21,250.48,Bank Transfer
1508,2024-12-21,974,11,743.34,PayPal
1509,2023-07-08,846,2,2271.11,Debit Card
1510,2025-05-10,865,15,2492.34,PayPal
1511,2024-05-20,574,25,10129.09,Cash
1512,2025-06-08,615,16,5154.81,PayPal
1513,2024-12-24,734,15,5460.76,Credit Card
1514,2025-07-01,100,25,5438.77,Debit Card
1515,2024-10-06,3,11,6949.07,PayPal
1516,2025-03-12,850,21,4182.6,PayPal
1517,2025-05-26,561,17,4361.23,PayPal
1518,2024-08-27,719,4,8265.3,Credit Card
1519,2025-04-19,919,6,6651.81,Bank Transfer
1520,2024-10-05,144,23,11670.52,Bank Transfer
1521,2024-06-28,110,9,3980.43,Cash
1522,2025-07-14,201,7,5386.97,Credit Card
1523,2025-05-06,953,13,10364.72,Debit Card
1524,2025-06-06,469,7,1661.81,PayPal
1525,2025-04-25,111,25,2689.18,Bank Transfer
1526,2024-09-02,48,21,6233.65,Cash
1527,2025-07-04,127,25,5526.23,Bank Transfer
1528,2025-07-12,469,22,3918.52,Cash
1529,2025-06-15,980,17,12231.7,Debit Card
1530,2024-11-26,987,16,4632.98,Credit Card
1531,2024-05-13,544,24,1675.33,Credit Card
1532,2024-05-15,567,14,354.08,Cash
1533,2025-06-16,495,17,5102.29,Debit Card
1534,2024-11-27,709,19,2829.05,Debit Card
1535,2024-03-09,749,5,3825.25,Credit Card
1536,2022-10-03,397,22,2451.37,Cash
1537,2025-06-13,621,11,9265.53,Cash
1538,2025-02-06,903,13,3647.64,Bank Transfer
1539,2024-02-14,624,23,5622.54,Debit Card
1540,2024-04-14,281,13,781.56,PayPal
1541,2025-06-26,994,10,9875.95,Bank Transfer
1542,2025-07-04,825,5,13455.09,Debit Card
1543,2025-02-09,423,20,17514.71,Cash
1544,2023-06-16,307,23,17390.19,Cash
1545,2025-01-22,882,11,346.79,Cash
1546,2025-02-26,648,7,8061.44,Debit Card
1547,2025-04-06,215,20,2559.8,PayPal
1548,2025-03-28,704,12,12682.83,Debit Card
1549,2024-11-09,728,21,1274.84,Debit Card
1550,2025-04-23,516,18,448.64,PayPal
1551,2024-07-29,728,4,3397.06,PayPal
1552,2024-12-12,576,16,6512.94,Cash
1553,2025-03-28,585,22,16227.63,Bank Transfer
1554,2024-10-17,691,24,6908.7,Cash
1555,2025-02-24,293,14,10999.31,Credit Card
1556,2025-06-16,536,4,13530.35,Credit Card
1557,2025-02-18,391,5,7024.62,Credit Card
1558,2024-08-26,687,2,9647.93,Debit Card
1559,2025-05-31,274,25,5398.91,Debit Card
1560,2025-07-02,294,22,1140.35,PayPal
1561,2023-10-15,150,2,931.9,PayPal
1562,2024-03-19,209,25,6202.52,Cash
1563,2025-07-09,34,12,153.74,Bank Transfer
1564,2025-04-17,105,20,6509.01,Cash
1565,2023-06-26,886,8,552.89,Cash
1566,2024-07-25,399,8,4359.72,Cash
1567,2023-04-18,804,23,9286.49,PayPal
1568,2025-05-30,710,22,4234.69,Credit Card
1569,2025-04-30,949,13,10769.41,Bank Transfer
1570,2025-03-26,427,22,4780.36,PayPal
1571,2024-10-01,990,18,4276.54,Credit Card
1572,2025-07-18,14,24,9786.38,PayPal
1573,2025-07-06,208,20,2347.23,Bank Transfer
1574,2025-03-05,850,8,146.56,PayPal
1575,2025-01-25,774,19,11310.24,Cash
1576,2023-02-16,757,20,1168.58,Debit Card
1577,2024-11-27,795,24,4980.35,Debit Card
1578,2023-12-12,302,15,4905.13,Debit Card
1579,2023-12-16,700,3,3368.11,Debit Card
1580,2024-07-10,986,6,3200.77,Cash
1581,2024-12-08,123,13,12682.22,Credit Card
1582,2024-10-20,439,9,6032.91,Cash
1583,2024-06-17,271,5,4234.24,Debit Card
1584,2024-09-22,599,9,10678.44,Credit Card
1585,2024-01-05,339,15,1560.37,Debit Card
1586,2025-06-26,41,5,5231.98,PayPal
1587,2025-06-25,612,2,5299.31,Cash
1588,2024-06-24,864,22,1203.44,PayPal
1589,2024-10-27,503,19,8235.49,Cash
1590,2024-01-29,367,3,2493.13,PayPal
1591,2025-02-22,539,8,7640.1,Debit Card
1592,2024-05-31,534,3,3239.12,Cash
1593,2025-06-21,164,14,4414.54,Cash
1594,2024-02-06,550,13,3383.87,Credit Card
1595,2025-06-26,358,8,5283.73,Debit Card
1596,2025-05-21,680,11,11324.7,PayPal
1597,2025-07-17,370,10,1433.6,Debit Card
1598,2024-12-29,974,25,6750.56,Cash
1599,2025-02-07,544,16,948.56,Cash
1600,2024-06-28,844,25,2580.4,Credit Card
1601,2025-05-11,118,22,11873.87,PayPal
1602,2024-10-07,457,8,5995.83,Cash
1603,2025-06-05,941,20,3922.89,Debit Card
1604,2023-03-13,982,2,12199.18,PayPal
1605,2025-07-02,391,4,318.74,Bank Transfer
1606,2025-04-12,263,18,477.75,PayPal
1607,2024-11-15,26,17,5827.53,PayPal
1608,2024-11-23,527,17,4644.02,Bank Transfer
1609,2025-01-04,499,2,1771.26,PayPal
1610,2023-05-12,920,21,6628.49,Debit Card
1611,2025-07-12,329,17,6232.74,Credit Card
1612,2024-02-01,971,4,4581.3,Debit Card
1613,2025-02-17,995,25,3581.75,Cash
1614,2023-09-10,547,1,2437.17,Credit Card
1615,2023-10-01,216,22,2892.58,Debit Card
1616,2025-01-20,886,22,10635.05,Bank Transfer
1617,2024-02-28,856,4,6754.99,Debit Card
1618,2025-07-11,551,23,7768.35,Bank Transfer
1619,2024-12-28,663,3,1972.99,Debit Card
1620,2024-08-07,25,15,8720.86,PayPal
1621,2024-10-24,39,3,2645.71,Credit Card
1622,2024-01-09,56,6,3814.01,PayPal
1623,2024-03-24,572,3,4505.14,Cash
1624,2025-06-23,842,8,6628.18,PayPal
1625,2025-02-15,418,13,3988.6,Bank Transfer
1626,2023-12-02,646,13,7539.17,Bank Transfer
1627,2025-06-21,324,1,4791.41,Bank Transfer
1628,2023-01-05,690,4,8372.61,Cash
1629,2023-12-18,7,21,10714.04,Cash
1630,2024-09-02,65,25,6209.16,Cash
1631,2025-06-06,47,23,10977.75,Credit Card
1632,2025-02-23,367,17,3874.42,Credit Card
1633,2025-05-23,297,22,2839.1,PayPal
1634,2023-06-12,622,3,14866.83,PayPal
1635,2023-08-28,784,15,9013.16,Bank Transfer
1636,2023-10-15,405,22,12655.42,Credit Card
1637,2025-04-15,486,6,3751.82,Cash
1638,2023-09-12,226,5,7390.73,Bank Transfer
1639,2023-08-03,816,18,10571.97,PayPal
1640,2024-05-29,984,21,6736.28,Debit Card
1641,2024-02-20,306,22,4877.24,PayPal
1642,2022-10-23,981,1,3159.47,Cash
1643,2025-05-06,896,18,9893.32,Debit Card
1644,2025-04-26,127,2,7545.52,Credit Card
1645,2025-05-12,587,20,7205.09,Bank Transfer
1646,2025-06-12,551,18,872.72,Credit Card
1647,2025-01-27,313,7,434.8,PayPal
1648,2024-09-21,217,14,8832.44,Cash
1649,2024-11-09,146,6,6191.53,Debit Card
1650,2025-03-10,227,20,8760.44,PayPal
1651,2025-05-28,199,4,10169.87,Debit Card
1652,2024-05-04,688,19,9993.05,Credit Card
1653,2025-03-26,872,25,296.18,Cash
1654,2024-10-18,473,21,8500.08,Cash
1655,2025-01-09,75,10,4935.57,Credit Card
1656,2022-11-07,257,4,4002.49,Debit Card
1657,2023-10-06,744,19,1274.4,Bank Transfer
1658,2025-02-07,975,11,11816.55,PayPal
1659,2025-02-09,132,22,2933.28,Debit Card
1660,2024-10-22,103,10,281.31,Cash
1661,2025-03-28,72,7,4000.22,PayPal
1662,2025-06-21,498,15,2246.14,PayPal
1663,2024-12-24,632,22,5383.67,PayPal
1664,2025-05-12,711,19,1370.02,Debit Card
1665,2025-05-13,580,19,5972.49,PayPal
1666,2025-06-27,828,11,3863.79,Bank Transfer
1667,2024-03-01,173,1,3402.16,PayPal
1668,2024-01-28,253,8,146.0,Bank Transfer
1669,2024-11-08,284,12,6834.29,Debit Card
1670,2025-07-09,696,24,9262.95,PayPal
1671,2023-03-09,899,16,3725.62,Bank Transfer
1672,2023-01-03,457,12,642.65,PayPal
1673,2025-05-31,499,18,5931.6,Credit Card
1674,2025-06-24,180,21,4390.25,Cash
1675,2023-01-14,84,9,7218.69,Debit Card
1676,2023-08-20,913,18,6648.7,Debit Card
1677,2024-06-29,270,24,9332.49,Credit Card
1678,2025-01-08,745,3,7613.12,Credit Card
1679,2024-12-03,870,17,551.92,Credit Card
1680,2025-02-18,833,19,3331.48,Cash
1681,2025-04-06,415,25,8274.85,Cash
1682,2025-01-10,218,2,9338.89,Cash
1683,2025-04-08,267,18,3347.59,Cash
1684,2025-01-07,484,21,6225.34,Debit Card
1685,2025-03-14,375,13,7931.45,Debit Card
1686,2023-04-24,913,25,7411.48,Cash
1687,2024-08-11,751,10,7009.71,Debit Card
1688,2023-08-29,476,17,6126.27,Cash
1689,2024-10-12,93,13,908.85,PayPal
1690,2024-05-31,515,1,12082.24,Debit Card
1691,2024-01-23,869,20,4742.49,Debit Card
1692,2024-11-15,776,17,9009.41,Debit Card
1693,2024-03-03,457,6,6251.32,Debit Card
1694,2025-07-14,580,19,8631.45,Debit Card
1695,2024-09-13,754,24,7577.6,Bank Transfer
1696,2025-03-12,962,12,2805.3,Credit Card
1697,2024-07-05,225,25,112.34,Bank Transfer
1698,2022-09-28,238,3,6355.12,PayPal
1699,2025-06-22,379,8,8893.92,Credit Card
1700,2024-05-21,685,7,7147.34,Cash
1701,2025-02-25,930,12,8681.44,Bank Transfer
1702,2023-11-20,481,15,9140.94,Credit Card
1703,2025-06-24,41,21,712.9,PayPal
1704,2023-12-03,106,23,4424.47,Cash
1705,2025-06-06,649,9,9017.71,PayPal
1706,2025-07-06,593,18,3704.47,Cash
1707,2025-03-19,179,13,4437.72,Bank Transfer
1708,2024-10-08,375,19,8562.55,Credit Card
1709,2025-07-04,530,9,13976.51,Bank Transfer
1710,2024-09-21,997,8,8847.05,Cash
1711,2025-07-19,416,12,4559.92,PayPal
1712,2024-11-27,499,16,4806.15,Cash
1713,2023-08-08,7,17,474.52,Debit Card
1714,2022-10-23,451,6,3219.93,Debit Card
1715,2024-09-18,79,17,2465.7,PayPal
1716,2025-04-08,217,5,999.35,Debit Card
1717,2025-04-13,162,12,4086.85,Cash
1718,2022-12-28,735,4,8294.17,Debit Card
1719,2025-07-15,425,11,4707.01,Credit Card
1720,2023-10-04,494,22,2646.0,Bank Transfer
1721,2024-11-09,491,7,11487.82,Cash
1722,2023-05-14,166,21,3746.25,Bank Transfer
1723,2024-05-11,23,8,3265.39,Credit Card
1724,2025-02-24,131,19,2154.92,Cash
1725,2025-06-03,165,5,10727.17,Cash
1726,2025-07-02,41,19,4602.5,Debit Card
1727,2024-11-25,58,6,2163.56,PayPal
1728,2024-11-15,945,6,5152.44,Cash
1729,2023-12-06,982,13,3033.76,Cash
1730,2024-03-06,993,19,18752.51,Credit Card
1731,2024-11-13,900,24,9202.63,PayPal
1732,2024-07-07,970,3,12543.08,Debit Card
1733,2023-05-16,460,20,552.6,Bank Transfer
1734,2024-11-01,889,16,681.6,Debit Card
1735,2024-09-18,225,14,536.69,Cash
1736,2025-01-28,147,19,6775.19,Debit Card
1737,2024-05-29,639,22,2200.74,Cash
1738,2024-12-30,271,6,12179.74,PayPal
1739,2025-05-04,945,15,6594.76,Cash
1740,2025-07-08,605,3,7101.22,Debit Card
1741,2024-08-19,388,13,13068.65,Debit Card
1742,2025-02-07,112,1,9690.88,Debit Card
1743,2025-06-11,536,17,7367.67,Bank Transfer
1744,2024-08-24,847,5,7875.44,Cash
1745,2024-12-26,99,6,3928.83,Bank Transfer
1746,2025-03-04,924,20,1198.85,Cash
1747,2025-07-10,40,18,13163.55,Cash
1748,2025-03-03,771,4,10348.92,Credit Card
1749,2023-12-12,494,22,15431.95,Debit Card
1750,2024-11-13,924,20,719.41,Cash
1751,2025-05-07,848,1,4510.93,Bank Transfer
1752,2025-06-25,535,14,5851.74,PayPal
1753,2025-01-15,896,2,3344.25,Cash
1754,2025-03-23,440,8,4962.51,Bank Transfer
1755,2025-04-06,809,25,5941.73,Bank Transfer
1756,2024-04-12,359,19,8296.42,Cash
1757,2025-02-11,101,14,8284.36,Debit Card
1758,2024-12-17,261,16,2885.46,Debit Card
1759,2025-04-13,932,3,2744.58,PayPal
1760,2024-09-06,613,18,5980.9,Bank Transfer
1761,2024-09-19,264,7,2470.84,Credit Card
1762,2025-05-10,727,24,4543.3,Credit Card
1763,2022-08-24,592,17,11213.82,Credit Card
1764,2025-06-08,533,1,6409.33,Bank Transfer
1765,2024-12-07,671,7,6838.81,PayPal
1766,2025-07-18,419,12,13190.78,Credit Card
1767,2024-05-22,159,14,9167.96,Cash
1768,2025-05-01,260,9,17264.47,Cash
1769,2025-07-19,434,19,6498.48,PayPal
1770,2024-06-11,627,9,864.45,Bank Transfer
1771,2024-04-11,774,7,12557.08,Bank Transfer
1772,2025-01-24,566,18,1703.61,Bank Transfer
1773,2025-04-07,184,12,6184.56,Cash
1774,2024-10-01,569,16,4821.21,PayPal
1775,2025-05-29,315,19,9135.69,PayPal
1776,2025-05-12,793,23,2830.76,Bank Transfer
1777,2024-10-12,754,5,238.57,Credit Card
1778,2025-07-11,766,8,11622.21,Bank Transfer
1779,2024-07-31,802,23,2532.51,Debit Card
1780,2024-06-15,103,7,12239.31,Cash
1781,2024-10-17,411,11,7148.88,Cash
1782,2025-01-19,629,23,1236.1,Credit Card
1783,2025-05-27,165,13,3424.26,Credit Card
1784,2025-05-30,824,3,4589.62,Debit Card
1785,2024-11-01,483,20,5543.13,Bank Transfer
1786,2025-04-18,91,3,6776.73,PayPal
1787,2025-04-23,228,12,4100.79,Credit Card
1788,2023-12-12,624,2,3732.99,Bank Transfer
1789,2025-04-26,954,13,4961.27,Cash
1790,2024-11-12,672,17,6271.82,PayPal
1791,2025-05-05,729,20,7497.32,Credit Card
1792,2023-12-20,969,25,7632.37,Debit Card
1793,2024-11-24,656,16,8760.48,Bank Transfer
1794,2025-04-27,11,7,617.2,Cash
1795,2025-02-07,293,7,14445.49,Credit Card
1796,2023-09-18,803,20,7552.21,Cash
1797,2024-11-17,529,23,16635.56,Debit Card
1798,2025-07-04,630,6,4399.18,Credit Card
1799,2024-08-07,369,8,7974.7,Credit Card
1800,2024-05-20,1000,6,451.8,Credit Card
1801,2025-01-27,283,25,4731.54,Bank Transfer
1802,2024-09-12,362,22,6670.84,Bank Transfer
1803,2025-07-19,416,19,1675.64,Debit Card
1804,2025-04-16,531,1,8919.19,Credit Card
1805,2023-07-08,942,3,6905.43,Cash
1806,2024-08-12,292,24,8776.76,Cash
1807,2025-01-03,937,19,4594.71,PayPal
1808,2025-05-14,356,9,1933.21,Debit Card
1809,2025-06-19,621,7,3691.79,Bank Transfer
1810,2023-09-19,953,13,5591.83,Cash
1811,2024-09-13,5,9,9462.55,Debit Card
1812,2024-02-16,417,17,865.24,Credit Card
1813,2024-02-27,573,3,6293.88,Cash
1814,2023-10-02,302,11,166.25,Credit Card
1815,2024-01-10,823,17,9315.74,PayPal
1816,2025-07-02,898,18,2040.36,Cash
1817,2024-05-02,257,23,4574.84,Bank Transfer
1818,2024-11-14,990,13,3467.55,Cash
1819,2025-03-13,496,25,3872.93,Debit Card
1820,2025-06-05,776,11,1836.1,Bank Transfer
1821,2025-06-03,698,15,5133.26,Cash
1822,2025-05-18,883,1,9551.84,Bank Transfer
1823,2023-11-16,120,9,13188.98,Credit Card
1824,2023-07-21,392,21,11367.49,Debit Card
1825,2024-04-14,694,23,487.28,Debit Card
1826,2025-06-22,820,11,2717.59,Bank Transfer
1827,2025-01-14,979,12,15755.27,Cash
1828,2023-05-21,549,1,727.33,PayPal
1829,2024-05-20,255,10,575.12,Credit Card
1830,2024-04-08,409,22,9122.94,PayPal
1831,2025-07-18,78,18,144.8,Debit Card
1832,2025-07-12,488,11,4260.14,PayPal
1833,2023-11-13,224,19,3397.02,PayPal
1834,2025-07-19,188,24,7724.44,Debit Card
1835,2025-07-19,511,24,6427.2,Debit Card
1836,2025-06-23,241,24,7358.19,Debit Card
1837,2023-09-24,894,9,3754.14,Debit Card
1838,2024-08-04,235,7,8315.53,Debit Card
1839,2025-02-02,857,20,4131.99,PayPal
1840,2025-07-06,160,25,4444.32,Credit Card
1841,2023-12-26,123,3,4363.52,Bank Transfer
1842,2025-06-24,629,1,5956.18,Cash
1843,2025-04-06,981,2,9572.32,Bank Transfer
1844,2024-09-12,381,20,11509.74,PayPal
1845,2024-10-30,505,19,16859.88,PayPal
1846,2025-07-16,503,6,7642.98,Cash
1847,2023-03-03,287,13,8696.08,Debit Card
1848,2024-12-02,769,19,9473.96,Debit Card
1849,2024-06-09,56,17,8567.48,Bank Transfer
1850,2024-06-18,490,18,8457.28,Credit Card
1851,2024-09-24,515,12,10349.07,Bank Transfer
1852,2024-05-12,882,22,10211.19,Debit Card
1853,2025-06-26,469,4,5683.41,Cash
1854,2024-03-14,472,11,1340.64,Credit Card
1855,2025-05-14,13,22,3075.31,Debit Card
1856,2023-05-19,389,19,3986.3,Credit Card
1857,2025-03-16,334,12,9266.26,Cash
1858,2025-07-05,883,9,4593.27,Debit Card
1859,2025-07-01,562,9,5627.39,Debit Card
1860,2025-07-18,276,16,3600.9,Cash
1861,2023-09-12,352,12,9304.94,Debit Card
1862,2025-07-19,511,14,8337.31,Debit Card
1863,2025-01-17,430,23,9915.27,PayPal
1864,2024-04-29,374,13,7724.09,PayPal
1865,2025-04-19,462,6,1444.2,Cash
1866,2024-11-06,135,19,2609.48,Debit Card
1867,2024-10-31,834,4,2470.22,PayPal
1868,2025-06-15,824,8,3314.49,Cash
1869,2024-06-05,443,13,7838.96,Debit Card
1870,2025-05-24,150,24,4716.6,Debit Card
1871,2022-11-19,485,1,9483.95,Debit Card
1872,2025-06-09,432,16,5141.04,Debit Card
1873,2024-10-25,915,21,9017.21,Cash
1874,2024-07-10,547,24,6605.46,PayPal
1875,2025-04-09,805,16,11692.83,PayPal
1876,2024-05-06,257,18,2882.3,Cash
1877,2025-05-07,49,13,3689.34,Credit Card
1878,2023-10-30,708,6,5227.11,Credit Card
1879,2023-07-31,221,9,14989.84,Bank Transfer
1880,2024-10-29,860,21,2372.14,Credit Card
1881,2023-05-04,461,24,12924.23,PayPal
1882,2024-06-10,267,12,11435.72,PayPal
1883,2025-04-03,574,18,7424.54,PayPal
1884,2025-03-23,353,1,7306.98,Bank Transfer
1885,2025-07-18,125,12,8909.87,Cash
1886,2023-12-24,204,19,2148.31,Cash
1887,2025-05-07,666,21,5266.15,Cash
1888,2024-06-16,179,25,5136.24,PayPal
1889,2024-07-18,364,11,9695.57,Cash
1890,2023-12-01,500,25,6601.56,Bank Transfer
1891,2024-07-30,911,3,10870.34,Bank Transfer
1892,2024-12-12,629,10,6473.41,Bank Transfer
1893,2023-06-20,647,5,2477.6,Debit Card
1894,2024-03-08,656,11,1307.3,Bank Transfer
1895,2025-03-21,647,20,2639.25,Cash
1896,2025-03-26,415,3,53.64,Credit Card
1897,2025-04-22,166,11,689.4,Debit Card
1898,2025-07-15,322,11,4078.72,PayPal
1899,2025-01-05,728,9,4956.44,Cash
1900,2025-05-06,661,13,2788.42,PayPal
1901,2024-11-02,909,15,3692.76,PayPal
1902,2025-07-12,766,19,684.24,Cash
1903,2024-02-06,989,15,4325.41,Bank Transfer
1904,2025-06-27,172,6,10589.13,Credit Card
1905,2025-03-30,129,24,15180.53,Debit Card
1906,2024-06-15,678,9,483.65,Credit Card
1907,2025-04-08,216,6,9658.67,Bank Transfer
1908,2025-06-20,106,4,5151.0,Credit Card
1909,2025-02-27,960,16,2674.22,Cash
1910,2025-03-15,56,1,9587.09,Bank Transfer
1911,2023-03-08,537,25,524.26,Credit Card
1912,2025-06-29,107,9,5768.71,Cash
1913,2025-06-04,160,3,15099.03,Bank Transfer
1914,2024-03-16,317,8,133.96,Debit Card
1915,2025-07-09,756,10,555.35,Bank Transfer
1916,2025-05-07,642,5,5701.45,Debit Card
1917,2025-03-02,540,6,16073.62,Credit Card
1918,2025-05-03,36,22,1836.75,PayPal
1919,2025-03-09,882,11,11240.94,Bank Transfer
1920,2025-06-17,479,18,7119.44,PayPal
1921,2025-01-03,562,15,1398.39,Debit Card
1922,2025-02-10,993,23,11730.81,Cash
1923,2025-02-17,182,19,4177.46,Cash
1924,2025-04-12,468,21,5584.62,Cash
1925,2024-11-20,446,17,499.16,Cash
1926,2024-09-12,318,12,6762.48,Bank Transfer
1927,2025-05-19,553,8,1862.88,Credit Card
1928,2025-07-15,453,10,2712.91,PayPal
1929,2025-06-05,423,9,7210.9,Debit Card
1930,2023-05-24,311,1,2886.64,Credit Card
1931,2025-06-12,536,25,11214.6,Debit Card
1932,2024-06-02,353,10,2979.77,Bank Transfer
1933,2025-07-04,548,1,13492.21,Bank Transfer
1934,2024-12-21,970,25,7032.21,Bank Transfer
1935,2024-01-22,307,1,1011.01,Bank Transfer
1936,2024-06-03,818,10,10182.3,Cash
1937,2025-03-04,237,1,5343.98,Cash
1938,2024-08-06,383,7,5714.76,Bank Transfer
1939,2024-10-01,904,18,14152.07,Bank Transfer
1940,2025-01-25,405,8,1846.0,Debit Card
1941,2025-06-14,733,24,16317.09,Bank Transfer
1942,2025-03-13,849,13,7143.62,Debit Card
1943,2025-05-17,270,3,11537.89,Bank Transfer
1944,2025-06-06,641,8,10649.06,Cash
1945,2025-05-11,783,20,6706.86,PayPal
1946,2025-02-17,292,21,9145.33,Cash
1947,2025-05-26,829,9,1514.21,Bank Transfer
1948,2025-04-29,193,3,15599.47,Debit Card
1949,2025-06-27,140,10,1905.4,Credit Card
1950,2025-05-27,653,15,896.85,Cash
1951,2023-04-05,464,9,13157.89,Cash
1952,2024-09-27,504,7,900.08,PayPal
1953,2023-04-04,20,5,10500.0,Credit Card
1954,2024-04-08,993,18,3752.31,Credit Card
1955,2025-04-07,191,4,7313.99,PayPal
1956,2025-07-18,276,5,3450.16,Bank Transfer
1957,2025-04-16,745,1,3169.5,Debit Card
1958,2024-10-12,93,5,3794.41,Credit Card
1959,2024-04-12,506,7,4265.23,PayPal
1960,2025-03-06,431,10,3477.18,Bank Transfer
1961,2024-12-29,381,15,9952.11,Credit Card
1962,2023-06-07,339,3,6262.46,Debit Card
1963,2023-09-16,58,9,4947.08,Bank Transfer
1964,2025-05-27,74,18,6611.98,Bank Transfer
1965,2025-07-09,186,7,8792.31,PayPal
1966,2025-05-25,837,13,1387.88,Credit Card
1967,2025-06-18,125,25,4014.52,Debit Card
1968,2024-07-22,395,25,13616.93,Bank Transfer
1969,2023-05-28,254,24,6114.88,Credit Card
1970,2024-09-01,204,15,9064.74,Credit Card
1971,2024-02-26,534,22,620.55,Debit Card
1972,2023-02-15,485,13,10145.21,PayPal
1973,2024-10-28,959,11,2307.3,Debit Card
1974,2024-06-26,645,24,222.3,Credit Card
1975,2023-09-24,763,18,9801.99,Cash
1976,2024-11-08,126,9,7589.23,Bank Transfer
1977,2024-11-29,654,10,6041.1,Debit Card
1978,2025-07-13,370,2,6614.4,Debit Card
1979,2025-03-20,997,4,1793.52,Debit Card
1980,2025-02-18,649,14,3884.59,PayPal
1981,2025-05-26,16,6,8079.35,PayPal
1982,2023-12-12,599,4,3916.55,Bank Transfer
1983,2024-06-29,809,8,2028.72,Credit Card
1984,2024-10-13,993,2,6901.11,Cash
1985,2024-12-21,803,23,7872.52,Bank Transfer
1986,2025-06-20,705,20,1548.44,Debit Card
1987,2024-03-18,381,25,3730.98,Credit Card
1988,2024-12-03,255,6,7638.16,Bank Transfer
1989,2023-12-11,94,22,3920.84,Cash
1990,2024-03-19,347,25,3136.3,Credit Card
1991,2025-03-15,62,12,4264.46,Debit Card
1992,2024-11-24,719,18,9373.17,Credit Card
1993,2024-08-30,129,16,6077.01,Debit Card
1994,2025-06-27,325,18,8419.52,PayPal
1995,2024-07-07,825,15,7899.53,Debit Card
1996,2025-01-05,22,23,5233.54,Bank Transfer
1997,2022-12-22,367,24,6104.51,Debit Card
1998,2024-01-07,257,2,5624.05,Bank Transfer
1999,2025-04-26,724,15,6625.46,Cash
2000,2023-10-25,302,18,3814.83,Bank Transfer
2001,2025-04-09,195,19,2069.12,Debit Card
2002,2025-05-28,557,12,2956.79,PayPal
2003,2025-06-23,750,15,8742.75,PayPal
2004,2025-01-01,889,20,2525.91,Cash
2005,2025-05-17,165,3,11543.56,Cash
2006,2024-11-27,159,15,2811.9,PayPal
2007,2024-02-13,840,9,10533.01,Cash
2008,2024-06-30,376,15,13244.91,Credit Card
2009,2025-01-10,795,21,10556.29,Cash
2010,2024-04-24,389,24,6384.03,Debit Card
2011,2025-04-16,905,1,6165.75,Cash
2012,2025-04-10,878,12,344.01,Cash
2013,2025-01-03,245,11,2690.61,Credit Card
2014,2025-01-02,675,18,3338.34,Bank Transfer
2015,2024-11-13,195,17,12573.58,Bank Transfer
2016,2025-06-11,785,18,7314.38,Debit Card
2017,2024-09-01,628,10,1215.22,PayPal
2018,2024-10-07,420,21,6941.37,PayPal
2019,2024-10-06,114,4,3147.25,Cash
2020,2025-05-04,675,3,11637.71,Credit Card
2021,2024-05-12,856,5,4487.42,Debit Card
2022,2025-06-12,895,2,9928.92,Debit Card
2023,2024-10-17,110,16,2262.76,Debit Card
2024,2025-03-31,102,2,8285.9,Cash
2025,2025-03-26,658,13,10720.73,Bank Transfer
2026,2024-08-25,539,20,9627.78,Cash
2027,2025-02-27,263,2,5366.35,PayPal
2028,2025-02-03,227,20,9435.2,Credit Card
2029,2025-04-02,14,7,6899.4,Bank Transfer
2030,2024-12-18,951,3,322.45,Bank Transfer
2031,2025-06-09,821,21,1591.0,Credit Card
2032,2025-07-15,370,18,6670.17,Bank Transfer
2033,2025-07-01,842,12,937.85,Credit Card
2034,2024-08-31,844,20,7791.13,PayPal
2035,2024-05-29,542,2,8109.56,Credit Card
2036,2024-12-13,855,10,446.55,Credit Card
2037,2025-07-02,968,7,4855.22,Cash
2038,2025-06-29,100,4,8763.24,Debit Card
2039,2024-11-01,545,13,5821.32,Debit Card
2040,2025-05-20,198,17,5551.43,Debit Card
2041,2024-11-24,584,21,10971.06,Debit Card
2042,2024-05-15,572,24,10325.54,Cash
2043,2025-07-14,426,24,2021.54,Credit Card
2044,2025-06-22,785,21,13555.87,Cash
2045,2023-09-10,367,22,9634.63,Bank Transfer
2046,2024-10-10,720,22,5026.61,Bank Transfer
2047,2023-07-25,905,4,1484.43,Debit Card
2048,2025-04-09,812,6,5080.87,Cash
2049,2025-06-27,412,17,11775.18,PayPal
2050,2025-02-08,674,6,5433.35,Cash
2051,2025-07-07,615,15,8119.24,PayPal
2052,2025-05-02,925,11,9680.8,Cash
2053,2024-11-05,333,12,7720.42,Bank Transfer
2054,2023-05-02,783,21,2357.12,Bank Transfer
2055,2024-12-28,846,24,2650.95,PayPal
2056,2025-05-25,624,8,11392.59,Cash
2057,2023-11-30,559,7,4908.08,Bank Transfer
2058,2025-05-25,785,18,12358.58,PayPal
2059,2025-05-21,369,15,3811.91,Bank Transfer
2060,2025-04-23,983,13,435.88,Credit Card
2061,2024-05-05,744,2,6671.2,PayPal
2062,2025-04-27,611,1,4950.1,Cash
2063,2023-12-17,139,10,1969.23,Credit Card
2064,2024-03-07,308,8,1893.81,Debit Card
2065,2024-11-29,877,11,9241.82,Credit Card
2066,2025-07-16,791,23,7100.52,PayPal
2067,2023-10-19,942,18,2337.08,Cash
2068,2023-11-28,570,19,5437.98,Cash
2069,2024-06-11,159,4,7366.77,Credit Card
2070,2025-02-20,472,12,644.93,Debit Card
2071,2025-02-09,142,9,13661.69,PayPal
2072,2024-05-15,911,19,8593.21,Debit Card
2073,2025-04-12,239,9,6909.17,PayPal
2074,2025-06-05,95,19,4382.91,Bank Transfer
2075,2024-07-25,583,7,7742.01,Credit Card
2076,2023-02-20,741,11,1640.75,Bank Transfer
2077,2025-02-04,178,16,12313.39,Cash
2078,2024-12-20,840,4,176.39,Cash
2079,2025-04-13,658,10,6215.64,Credit Card
2080,2024-02-24,749,19,7584.64,Bank Transfer
2081,2025-01-17,81,25,16780.39,Credit Card
2082,2024-08-24,944,25,3985.9,PayPal
2083,2025-02-02,357,14,1999.0,Bank Transfer
2084,2024-12-26,953,4,7435.17,Debit Card
2085,2025-07-18,766,21,6075.24,Cash
2086,2024-04-17,951,1,7573.83,Bank Transfer
2087,2024-11-13,56,10,1163.88,Cash
2088,2024-02-11,43,11,8105.53,Cash
2089,2025-03-08,579,5,12566.78,PayPal
2090,2024-11-15,515,23,2555.85,Debit Card
2091,2022-10-25,157,2,13306.4,Bank Transfer
2092,2024-05-16,995,15,5699.38,Cash
2093,2025-07-12,590,17,10757.03,Credit Card
2094,2024-10-14,228,14,2392.37,PayPal
2095,2024-08-09,806,13,544.54,Debit Card
2096,2025-03-22,136,11,2108.97,Credit Card
2097,2024-01-19,488,19,4846.59,Credit Card
2098,2024-12-30,562,13,9151.0,PayPal
2099,2025-07-12,88,13,4610.78,Cash
2100,2024-05-14,445,25,6574.21,Debit Card
2101,2025-01-24,781,5,3687.06,Bank Transfer
2102,2025-05-12,573,7,7648.08,Bank Transfer
2103,2024-07-16,405,21,6553.23,Cash
2104,2025-05-06,201,18,13329.73,Cash
2105,2023-12-13,754,17,2673.69,Debit Card
2106,2025-05-09,249,3,2752.4,PayPal
2107,2023-12-31,796,14,14665.87,PayPal
2108,2024-11-25,702,19,4700.08,Credit Card
2109,2024-03-29,116,22,10284.87,Bank Transfer
2110,2025-07-14,434,12,5262.06,PayPal
2111,2025-06-22,196,11,14176.41,PayPal
2112,2025-07-11,609,21,3180.25,Credit Card
2113,2023-12-18,789,10,8317.98,Debit Card
2114,2023-07-23,359,20,8781.93,Bank Transfer
2115,2024-04-26,639,5,16722.77,Bank Transfer
2116,2025-06-01,46,8,3937.16,Debit Card
2117,2025-03-07,702,12,10378.05,Debit Card
2118,2024-09-29,776,24,12742.51,Credit Card
2119,2024-12-31,116,24,671.46,Credit Card
2120,2025-07-16,249,20,7521.47,Debit Card
2121,2023-07-01,890,10,7153.29,Credit Card
2122,2023-11-14,352,23,6907.88,Credit Card
2123,2025-03-18,313,15,5547.02,Bank Transfer
2124,2024-05-25,24,11,3268.72,Debit Card
2125,2024-02-19,758,18,898.9,Debit Card
2126,2024-02-17,209,18,3979.76,Cash
2127,2024-08-17,769,9,4243.36,Cash
2128,2024-08-28,495,20,395.23,Debit Card
2129,2025-07-10,712,23,819.81,Credit Card
2130,2025-05-24,386,19,13464.58,Cash
2131,2024-07-31,45,9,7490.75,Debit Card
2132,2024-11-14,62,10,10973.86,Debit Card
2133,2024-06-07,809,23,9243.14,Cash
2134,2025-06-20,278,2,3752.08,Bank Transfer
2135,2024-11-21,671,1,9456.2,Credit Card
2136,2025-06-02,398,22,5265.74,PayPal
2137,2024-08-22,679,22,5675.31,PayPal
2138,2024-05-19,886,4,8970.98,Credit Card
2139,2024-10-25,300,21,1920.55,Bank Transfer
2140,2025-01-12,237,13,3705.89,Cash
2141,2025-03-12,727,4,4460.4,PayPal
2142,2025-01-03,497,20,5478.86,Cash
2143,2025-06-24,91,6,9283.68,Debit Card
2144,2024-09-13,513,15,9819.2,Cash
2145,2024-03-09,949,23,6652.54,Credit Card
2146,2025-07-10,41,8,3430.13,Cash
2147,2023-11-08,313,11,2734.86,Bank Transfer
2148,2025-02-01,403,24,8474.8,Debit Card
2149,2025-01-14,19,12,17545.4,PayPal
2150,2025-03-07,364,21,2462.24,PayPal
2151,2025-07-18,242,17,6859.08,PayPal
2152,2023-07-06,832,2,5569.23,PayPal
2153,2024-06-14,900,13,16451.51,Credit Card
2154,2025-04-15,967,18,10819.27,PayPal
2155,2024-07-27,231,5,1693.72,PayPal
2156,2025-01-18,919,13,17234.58,Debit Card
2157,2023-05-07,90,24,10701.84,Bank Transfer
2158,2025-02-07,534,22,8198.29,Cash
2159,2023-03-15,894,21,513.04,Debit Card
2160,2023-11-14,428,8,12190.4,Cash
2161,2025-06-21,157,14,6550.95,PayPal
2162,2024-12-07,932,20,298.02,PayPal
2163,2023-11-27,460,18,3061.9,Debit Card
2164,2024-04-16,212,21,5034.55,Debit Card
2165,2025-02-04,595,18,4491.82,Debit Card
2166,2025-04-14,884,5,2753.86,PayPal
2167,2024-11-16,706,23,14876.64,Cash
2168,2025-04-05,932,5,1968.87,Bank Transfer
2169,2024-08-09,931,25,7613.35,Debit Card
2170,2023-08-24,672,19,5820.2,Debit Card
2171,2024-11-30,326,3,7372.04,Cash
2172,2024-07-10,546,24,3879.88,Credit Card
2173,2025-06-25,189,11,550.68,Debit Card
2174,2025-04-17,745,1,7422.64,PayPal
2175,2024-10-06,902,14,7827.93,Bank Transfer
2176,2024-08-11,311,15,905.84,PayPal
2177,2024-07-05,156,25,7285.75,Debit Card
2178,2025-02-24,110,5,14361.8,Debit Card
2179,2023-09-15,27,25,4112.47,Cash
2180,2025-01-16,632,9,8998.46,Cash
2181,2024-12-27,581,20,4277.01,Debit Card
2182,2025-05-18,611,8,668.71,Debit Card
2183,2024-11-29,704,1,2530.78,PayPal
2184,2025-05-13,82,23,4162.8,Bank Transfer
2185,2025-06-11,138,17,11251.01,Cash
2186,2024-03-31,481,23,14180.2,PayPal
2187,2025-06-30,189,13,8458.65,Bank Transfer
2188,2025-07-07,486,5,1132.52,Debit Card
2189,2025-01-07,198,8,10102.02,Credit Card
2190,2025-03-22,419,25,5721.03,Credit Card
2191,2024-12-30,948,9,7759.69,Bank Transfer
2192,2025-01-21,228,24,9202.2,Debit Card
2193,2025-05-05,776,7,5258.85,Credit Card
2194,2022-11-19,182,15,5988.23,Cash
2195,2025-02-17,502,23,11535.51,PayPal
2196,2025-04-27,888,15,3879.35,Debit Card
2197,2023-11-24,438,13,19228.29,Credit Card
2198,2025-06-28,623,24,9840.1,Bank Transfer
2199,2023-12-30,738,11,11239.75,Bank Transfer
2200,2024-05-22,627,24,6756.44,Cash
2201,2025-04-09,609,18,3566.44,Cash
2202,2025-07-16,657,23,9104.55,Credit Card
2203,2024-05-15,534,4,2889.69,Bank Transfer
2204,2025-02-03,468,2,8078.64,Debit Card
2205,2024-08-29,532,18,8556.33,Bank Transfer
2206,2025-02-17,753,2,5431.7,Cash
2207,2023-09-01,397,17,8594.19,Credit Card
2208,2025-02-21,195,10,4053.82,Bank Transfer
2209,2023-07-17,408,10,9034.81,PayPal
2210,2024-07-08,473,6,5794.43,Bank Transfer
2211,2025-05-29,302,20,9548.89,Credit Card
2212,2023-06-13,707,17,915.81,Debit Card
2213,2025-01-14,475,21,11357.17,Bank Transfer
2214,2025-05-30,93,24,2967.3,Cash
2215,2024-05-08,116,6,10384.02,Cash
2216,2023-07-06,961,23,7822.7,Cash
2217,2024-11-03,139,13,12537.03,Bank Transfer
2218,2024-06-11,332,15,3016.03,Credit Card
2219,2025-01-30,184,15,4403.21,Cash
2220,2024-08-10,919,23,2604.78,Debit Card
2221,2024-12-27,904,15,9755.79,Credit Card
2222,2022-11-28,257,11,3995.6,Debit Card
2223,2025-06-05,736,24,948.23,Credit Card
2224,2025-01-26,94,4,15830.49,Bank Transfer
2225,2024-10-12,650,12,7690.04,Credit Card
2226,2023-10-17,537,23,703.27,Bank Transfer
2227,2024-11-01,745,17,1622.42,Cash
2228,2025-01-22,973,6,14512.29,Bank Transfer
2229,2024-12-13,564,13,1299.62,Credit Card
2230,2024-11-30,787,6,7392.31,PayPal
2231,2025-04-05,580,22,3073.4,Debit Card
2232,2024-12-01,167,5,5410.29,Debit Card
2233,2025-06-30,788,23,8890.93,Credit Card
2234,2024-08-28,430,10,372.62,PayPal
2235,2025-03-05,748,25,6038.0,Bank Transfer
2236,2025-07-09,296,21,6267.57,Debit Card
2237,2024-10-24,121,5,3635.59,Debit Card
2238,2024-12-02,4,20,112.59,PayPal
2239,2025-04-05,13,15,332.27,Bank Transfer
2240,2025-05-18,876,16,7119.31,Cash
2241,2025-07-15,827,1,4080.84,Cash
2242,2024-01-22,904,16,7927.06,Debit Card
2243,2025-02-24,223,19,487.74,Bank Transfer
2244,2024-04-11,465,14,317.95,Bank Transfer
2245,2025-03-25,82,20,6992.82,Cash
2246,2025-04-10,7,8,9553.53,Cash
2247,2024-08-25,285,20,1693.65,Cash
2248,2025-04-18,840,7,5626.5,Credit Card
2249,2025-06-29,190,5,10998.46,Credit Card
2250,2024-10-04,669,12,7725.12,Credit Card
2251,2023-11-18,149,2,8380.51,Cash
2252,2024-10-13,859,20,4563.85,PayPal
2253,2024-10-18,340,3,3974.7,Credit Card
2254,2024-06-30,112,14,5248.2,Debit Card
2255,2022-12-12,166,22,4555.64,PayPal
2256,2024-10-16,626,22,6071.75,Cash
2257,2024-01-13,587,18,1977.36,Debit Card
2258,2024-05-31,990,15,1533.91,Cash
2259,2024-02-10,369,2,2026.03,Credit Card
2260,2023-09-09,787,10,6704.7,PayPal
2261,2025-06-06,378,13,7832.95,Credit Card
2262,2024-12-15,777,14,9682.94,Cash
2263,2025-05-12,67,10,9437.22,Bank Transfer
2264,2025-07-11,138,4,12936.16,PayPal
2265,2025-06-19,338,17,4250.83,Bank Transfer
2266,2025-06-30,538,7,7245.32,Debit Card
2267,2025-04-24,627,2,2135.45,Credit Card
2268,2025-04-26,586,24,3411.41,Cash
2269,2025-02-16,90,16,803.76,Cash
2270,2025-01-19,957,23,682.05,PayPal
2271,2024-08-24,438,20,8926.95,PayPal
2272,2024-12-04,266,17,12884.05,Cash
2273,2024-12-07,639,12,5218.75,Debit Card
2274,2025-04-28,630,19,8972.55,Bank Transfer
2275,2025-04-25,533,24,6436.34,Bank Transfer
2276,2024-04-30,505,6,8899.67,Cash
2277,2024-07-14,239,23,2479.21,PayPal
2278,2025-01-04,199,1,9214.43,Credit Card
2279,2024-02-07,25,15,5986.47,Credit Card
2280,2025-05-22,756,7,5588.25,Cash
2281,2025-07-15,425,14,6783.99,Credit Card
2282,2024-12-27,342,12,3399.42,Cash
2283,2025-05-22,826,21,1793.45,Debit Card
2284,2025-07-18,12,21,12364.47,Debit Card
2285,2025-05-16,707,10,3651.05,PayPal
2286,2025-04-07,810,3,1965.54,PayPal
2287,2023-12-10,308,17,2923.64,Cash
2288,2025-01-30,332,25,5257.22,Credit Card
2289,2023-10-24,117,22,5647.06,PayPal
2290,2025-05-29,350,13,12272.05,Cash
2291,2024-05-19,631,1,2198.45,Debit Card
2292,2024-09-15,199,11,13576.53,PayPal
2293,2024-05-21,945,22,3458.04,Bank Transfer
2294,2023-07-09,939,16,1797.74,Credit Card
2295,2024-10-25,662,5,10091.24,Bank Transfer
2296,2025-06-14,160,21,8042.6,Bank Transfer
2297,2025-06-10,914,18,10763.19,PayPal
2298,2024-07-23,474,14,8021.52,Credit Card
2299,2023-12-25,856,17,12409.91,PayPal
2300,2025-02-26,579,24,8519.38,PayPal
2301,2024-10-31,569,18,8971.76,Credit Card
2302,2024-02-15,214,19,983.79,PayPal
2303,2025-03-24,819,12,5155.43,Credit Card
2304,2024-06-10,993,5,9800.74,PayPal
2305,2025-02-06,861,1,7908.71,PayPal
2306,2025-07-13,385,21,8077.7,Cash
2307,2025-01-15,863,6,4365.45,Cash
2308,2025-07-09,621,13,1384.63,Debit Card
2309,2025-07-03,610,4,4691.75,PayPal
2310,2025-07-19,723,11,6656.29,Credit Card
2311,2025-01-25,279,14,8725.3,Credit Card
2312,2024-12-24,509,8,5074.19,PayPal
2313,2024-12-02,463,10,12227.11,Debit Card
2314,2025-06-05,538,10,251.28,Debit Card
2315,2025-04-03,115,12,4280.15,Credit Card
2316,2025-05-25,797,7,2126.16,Credit Card
2317,2024-05-23,455,17,1386.61,Credit Card
2318,2024-07-09,819,16,3277.15,Cash
2319,2025-05-17,158,7,8086.33,PayPal
2320,2023-03-05,946,16,4121.69,Cash
2321,2025-03-30,318,25,6528.57,PayPal
2322,2025-03-16,147,25,6173.82,Credit Card
2323,2025-06-26,842,17,6913.85,Debit Card
2324,2023-11-06,211,24,11870.93,Credit Card
2325,2025-03-15,471,13,8158.49,Cash
2326,2024-11-07,119,1,5390.02,PayPal
2327,2024-12-23,955,2,8851.43,Cash
2328,2024-10-02,893,3,7988.59,PayPal
2329,2025-06-08,479,2,6962.54,Credit Card
2330,2024-09-29,534,25,8748.27,PayPal
2331,2025-07-06,24,19,3866.43,PayPal
2332,2025-01-10,655,7,2224.58,PayPal
2333,2025-02-18,206,7,8531.83,PayPal
2334,2022-11-13,284,18,1536.85,PayPal
2335,2025-01-24,792,15,2847.0,Credit Card
2336,2025-06-07,280,5,2766.39,Debit Card
2337,2024-04-23,281,4,297.87,Credit Card
2338,2024-10-28,982,20,1436.09,Cash
2339,2025-06-18,527,4,4035.32,Debit Card
2340,2025-02-13,556,12,2380.53,Cash
2341,2025-06-01,327,9,8030.92,Debit Card
2342,2025-03-30,966,23,4501.16,PayPal
2343,2025-05-22,588,8,10235.47,Debit Card
2344,2024-05-02,73,10,1168.76,Cash
2345,2025-04-29,914,11,13652.6,Cash
2346,2025-02-24,455,2,13220.77,Debit Card
2347,2025-05-20,30,16,5602.92,Credit Card
2348,2025-03-06,109,13,6584.91,Credit Card
2349,2024-04-10,89,14,5462.78,Bank Transfer
2350,2025-05-18,184,23,10805.43,Cash
2351,2023-03-18,913,19,1258.02,Bank Transfer
2352,2024-12-17,632,12,1305.19,PayPal
2353,2023-12-24,341,7,5467.11,Cash
2354,2023-03-06,81,25,3512.12,Bank Transfer
2355,2025-04-21,582,5,3912.2,Credit Card
2356,2024-08-28,833,23,4102.48,Bank Transfer
2357,2025-07-14,100,15,1337.56,PayPal
2358,2025-05-19,701,21,7026.57,Bank Transfer
2359,2024-11-13,482,8,5707.93,Debit Card
2360,2023-11-07,148,20,4378.68,PayPal
2361,2024-01-12,935,12,10919.67,Bank Transfer
2362,2025-07-16,188,23,5405.72,PayPal
2363,2024-09-28,808,11,4705.78,Bank Transfer
2364,2024-12-30,500,1,4150.51,Credit Card
2365,2024-10-05,487,4,704.35,PayPal
2366,2024-04-01,491,15,8875.94,Debit Card
2367,2023-10-13,290,25,1207.36,PayPal
2368,2024-08-11,619,19,9085.92,Debit Card
2369,2025-05-16,521,4,5715.73,Bank Transfer
2370,2024-01-31,838,23,9350.98,Credit Card
2371,2025-05-18,334,18,979.26,Credit Card
2372,2025-07-12,812,10,4402.64,Cash
2373,2024-11-25,473,13,6487.66,Cash
2374,2025-06-19,424,8,8221.75,Cash
2375,2025-07-13,250,18,1653.64,Debit Card
2376,2024-12-23,998,16,5015.59,Bank Transfer
2377,2023-02-02,68,11,10410.3,Debit Card
2378,2025-03-13,834,23,5725.17,Cash
2379,2023-04-23,442,14,6950.74,Cash
2380,2025-05-19,807,11,1519.65,Cash
2381,2025-05-23,711,8,1633.11,Debit Card
2382,2025-06-01,679,22,600.32,Credit Card
2383,2024-01-10,758,23,11191.6,Cash
2384,2025-04-18,857,16,4288.45,Credit Card
2385,2025-05-10,607,20,877.43,Bank Transfer
2386,2025-02-24,334,18,3368.91,Credit Card
2387,2025-07-12,842,15,5442.71,Debit Card
2388,2024-11-23,316,13,7090.13,Credit Card
2389,2024-05-31,613,4,8225.34,Cash
2390,2024-07-05,790,13,12317.58,PayPal
2391,2024-08-15,507,21,6377.2,Credit Card
2392,2024-09-12,93,7,7460.06,Debit Card
2393,2025-04-20,909,19,7516.35,Credit Card
2394,2024-07-22,776,5,11108.24,Debit Card
2395,2023-11-16,464,18,3400.4,PayPal
2396,2025-02-22,400,20,1831.29,Cash
2397,2023-10-26,458,7,5896.09,Debit Card
2398,2025-01-07,698,11,8530.5,PayPal
2399,2024-05-16,584,22,9723.55,PayPal
2400,2025-05-22,941,14,4124.74,PayPal
2401,2025-02-07,92,19,11736.15,Credit Card
2402,2024-10-06,627,17,2944.17,Bank Transfer
2403,2024-10-08,868,5,5864.17,PayPal
2404,2025-02-19,64,12,13212.89,Cash
2405,2023-01-03,992,2,6208.45,Credit Card
2406,2025-06-07,721,18,8024.1,PayPal
2407,2024-02-21,113,10,11583.69,Credit Card
2408,2025-03-14,241,14,5492.77,Cash
2409,2023-09-29,404,21,7247.54,PayPal
2410,2025-06-24,729,13,784.35,Bank Transfer
2411,2025-03-27,391,14,3523.65,Cash
2412,2025-03-02,217,22,3832.68,Debit Card
2413,2025-03-06,487,5,6381.08,Debit Card
2414,2024-06-17,569,13,7029.59,PayPal
2415,2025-03-11,861,14,4163.01,Debit Card
2416,2025-06-08,296,22,1431.86,Debit Card
2417,2025-07-11,138,1,4307.65,Credit Card
2418,2025-06-08,664,1,3789.57,Debit Card
2419,2025-06-29,739,16,3727.99,Bank Transfer
2420,2025-04-11,999,5,11295.39,Credit Card
2421,2024-06-14,141,21,9868.49,Bank Transfer
2422,2025-02-01,881,15,1120.68,Cash
2423,2023-06-28,953,14,7692.84,Cash
2424,2023-07-26,185,15,831.32,Cash
2425,2024-10-13,435,18,2129.92,Bank Transfer
2426,2023-07-25,394,12,6608.55,Debit Card
2427,2025-02-27,191,14,1950.31,Cash
2428,2024-10-11,8,19,3170.07,Bank Transfer
2429,2024-03-23,868,24,8095.96,Debit Card
2430,2025-01-23,730,17,9150.37,PayPal
2431,2024-06-07,421,18,6428.09,Cash
2432,2024-03-21,376,2,9169.34,Credit Card
2433,2025-05-26,582,16,1834.81,PayPal
2434,2024-06-24,116,19,10907.45,Bank Transfer
2435,2025-03-08,985,23,2135.46,Credit Card
2436,2022-09-20,146,24,4347.31,Cash
2437,2024-03-11,880,25,2667.02,PayPal
2438,2024-08-16,477,17,865.38,Credit Card
2439,2025-06-29,536,20,5148.48,Credit Card
2440,2025-05-18,252,16,10018.59,Credit Card
2441,2025-06-17,701,21,8089.61,Cash
2442,2023-12-18,818,19,1978.89,PayPal
2443,2024-10-11,628,2,7783.92,PayPal
2444,2025-05-19,548,25,7193.8,Credit Card
2445,2023-03-06,481,15,16310.35,Cash
2446,2025-02-19,928,16,3789.5,Cash
2447,2025-06-09,752,11,4708.0,Bank Transfer
2448,2024-12-05,362,10,2479.95,PayPal
2449,2025-05-03,172,2,1187.23,Cash
2450,2023-10-04,768,10,11383.02,Cash
2451,2025-05-02,267,2,2273.16,Bank Transfer
2452,2025-07-06,593,6,7113.72,Cash
2453,2024-02-16,53,22,5037.46,PayPal
2454,2025-05-28,829,24,402.95,Cash
2455,2025-07-08,28,10,387.35,Bank Transfer
2456,2024-01-27,85,5,6612.13,Cash
2457,2025-06-21,79,9,687.8,PayPal
2458,2025-06-22,136,20,8076.58,PayPal
2459,2025-07-04,282,9,6923.69,Credit Card
2460,2025-07-16,760,4,8464.25,Cash
2461,2024-04-13,179,19,4347.06,Debit Card
2462,2024-03-02,675,15,8868.26,PayPal
2463,2025-07-09,828,6,1100.2,PayPal
2464,2025-06-19,802,23,5217.14,Debit Card
2465,2024-03-22,497,6,15823.23,Cash
2466,2025-05-19,883,2,3655.97,PayPal
2467,2024-12-14,87,5,5136.35,Cash
2468,2025-06-17,957,5,11991.43,Bank Transfer
2469,2025-06-08,771,14,8751.04,Bank Transfer
2470,2025-07-14,244,22,8600.7,Bank Transfer
2471,2025-06-08,744,21,4495.07,Debit Card
2472,2023-04-02,216,19,13843.85,PayPal
2473,2025-07-02,56,21,6721.23,PayPal
2474,2024-11-29,774,4,6645.75,Credit Card
2475,2025-03-21,172,15,14095.52,Bank Transfer
2476,2024-02-20,488,10,1947.59,Bank Transfer
2477,2025-06-22,765,25,3123.82,Cash
2478,2025-06-21,240,13,7011.21,Bank Transfer
2479,2025-03-26,486,9,5984.88,Debit Card
2480,2025-03-31,544,14,2794.29,Credit Card
2481,2025-07-03,296,15,4944.96,Bank Transfer
2482,2025-02-18,695,11,6719.54,Cash
2483,2024-02-28,700,2,937.72,Credit Card
2484,2023-05-16,940,18,3166.88,PayPal
2485,2025-05-07,980,14,3065.01,Cash
2486,2025-07-09,941,21,7138.07,PayPal
2487,2023-10-27,344,9,3151.3,PayPal
2488,2023-06-10,822,4,12104.23,PayPal
2489,2024-10-15,671,19,8953.17,Bank Transfer
2490,2023-05-03,473,25,7175.87,Debit Card
2491,2025-05-12,752,22,11670.34,Cash
2492,2023-07-25,789,7,8216.26,Cash
2493,2025-05-14,346,22,9212.28,Debit Card
2494,2025-06-09,321,18,10495.39,Credit Card
2495,2024-09-29,689,1,3217.01,Credit Card
2496,2025-05-14,13,14,2125.86,Credit Card
2497,2024-11-28,538,4,13284.26,Bank Transfer
2498,2024-10-23,360,8,12786.45,PayPal
2499,2024-12-17,258,7,369.4,Credit Card
2500,2024-09-25,25,20,2671.27,Credit Card
